transaction_id,claim_id,transaction_type,amount,transaction_date
TX-100000,CLM-50001,Loss Payment,4183.56,2024-10-29
TX-100001,CLM-50002,Loss Payment,3845.48,2025-08-18
TX-100002,CLM-50002,Reserve Increase,11821.17,2025-08-10
TX-100003,CLM-50002,Reserve Increase,6219.84,2025-08-03
TX-100004,CLM-50003,Reserve Increase,3211.16,2025-09-20
TX-100005,CLM-50003,Expense Payment,455.33,2025-09-21
TX-100006,CLM-50003,Loss Payment,8155.53,2025-09-29
TX-100007,CLM-50004,Expense Payment,81.34,2026-04-21
TX-100008,CLM-50004,Reserve Increase,4480.89,2026-04-12
TX-100009,CLM-50004,Loss Payment,1090.59,2026-04-22
TX-100010,CLM-50005,Reserve Increase,3913.16,2025-10-05
TX-100011,CLM-50005,Expense Payment,681.83,2025-09-29
TX-100012,CLM-50006,Reserve Increase,4363.41,2025-12-27
TX-100013,CLM-50006,Reserve Increase,8104.52,2025-12-24
TX-100014,CLM-50006,Expense Payment,117.29,2025-12-25
TX-100015,CLM-50007,Reserve Increase,8435.89,2025-07-17
TX-100016,CLM-50008,Loss Payment,9234.59,2024-11-28
TX-100017,CLM-50008,Reserve Increase,14192.05,2024-11-26
TX-100018,CLM-50009,Expense Payment,254.76,2026-03-23
TX-100019,CLM-50009,Expense Payment,207.97,2026-04-01
TX-100020,CLM-50009,Expense Payment,61.91,2026-03-17
TX-100021,CLM-50010,Loss Payment,9210.04,2025-06-11
TX-100022,CLM-50010,Loss Payment,10156.05,2025-06-24
TX-100023,CLM-50010,Reserve Increase,13449.97,2025-06-26
TX-100024,CLM-50011,Reserve Increase,1401.0,2025-06-27
TX-100025,CLM-50011,Reserve Increase,658.02,2025-07-09
TX-100026,CLM-50012,Loss Payment,5424.32,2025-12-09
TX-100027,CLM-50012,Reserve Increase,5497.89,2025-12-02
TX-100028,CLM-50012,Reserve Increase,14760.17,2025-11-30
TX-100029,CLM-50013,Expense Payment,752.19,2025-10-01
TX-100030,CLM-50013,Loss Payment,3478.51,2025-09-17
TX-100031,CLM-50014,Reserve Increase,13836.7,2024-09-30
TX-100032,CLM-50014,Loss Payment,1531.5,2024-10-08
TX-100033,CLM-50015,Expense Payment,656.31,2025-08-30
TX-100034,CLM-50015,Loss Payment,14705.76,2025-09-03
TX-100035,CLM-50015,Loss Payment,4355.19,2025-09-11
TX-100036,CLM-50016,Loss Payment,3102.08,2025-03-20
TX-100037,CLM-50017,Expense Payment,476.83,2025-03-18
TX-100038,CLM-50018,Reserve Increase,3067.8,2025-07-13
TX-100039,CLM-50019,Reserve Increase,9123.99,2024-12-15
TX-100040,CLM-50019,Loss Payment,8904.84,2024-12-12
TX-100041,CLM-50019,Loss Payment,4042.44,2024-12-28
TX-100042,CLM-50020,Reserve Increase,10987.7,2026-01-26
TX-100043,CLM-50021,Reserve Increase,542.14,2025-05-21
TX-100044,CLM-50022,Expense Payment,560.51,2025-02-01
TX-100045,CLM-50022,Loss Payment,14080.78,2025-01-19
TX-100046,CLM-50022,Expense Payment,374.41,2025-01-31
TX-100047,CLM-50023,Loss Payment,10266.57,2025-10-25
TX-100048,CLM-50023,Expense Payment,321.1,2025-10-12
TX-100049,CLM-50024,Loss Payment,895.08,2025-09-05
TX-100050,CLM-50024,Reserve Increase,6843.15,2025-08-23
TX-100051,CLM-50024,Expense Payment,195.96,2025-08-25
TX-100052,CLM-50025,Loss Payment,14855.92,2025-05-04
TX-100053,CLM-50025,Reserve Increase,6472.54,2025-04-29
TX-100054,CLM-50025,Loss Payment,3113.78,2025-05-07
TX-100055,CLM-50026,Loss Payment,9464.72,2026-02-08
TX-100056,CLM-50026,Loss Payment,7303.5,2026-02-05
TX-100057,CLM-50027,Reserve Increase,14038.9,2025-05-25
TX-100058,CLM-50027,Loss Payment,1796.04,2025-05-24
TX-100059,CLM-50027,Expense Payment,674.39,2025-05-27
TX-100060,CLM-50028,Loss Payment,14164.5,2026-05-03
TX-100061,CLM-50028,Reserve Increase,6690.24,2026-04-17
TX-100062,CLM-50028,Reserve Increase,6807.55,2026-04-17
TX-100063,CLM-50029,Loss Payment,13767.37,2025-08-22
TX-100064,CLM-50030,Reserve Increase,1162.42,2025-01-26
TX-100065,CLM-50030,Loss Payment,13802.91,2025-02-05
TX-100066,CLM-50031,Expense Payment,508.05,2025-08-01
TX-100067,CLM-50032,Loss Payment,10227.95,2025-02-21
TX-100068,CLM-50033,Expense Payment,687.45,2026-03-27
TX-100069,CLM-50034,Reserve Increase,11329.06,2025-02-25
TX-100070,CLM-50035,Reserve Increase,9435.32,2025-04-07
TX-100071,CLM-50035,Expense Payment,398.16,2025-04-06
TX-100072,CLM-50035,Reserve Increase,9364.61,2025-04-03
TX-100073,CLM-50036,Reserve Increase,11787.35,2025-08-09
TX-100074,CLM-50036,Reserve Increase,5057.27,2025-08-01
TX-100075,CLM-50036,Loss Payment,1719.81,2025-08-14
TX-100076,CLM-50037,Loss Payment,8974.72,2024-12-22
TX-100077,CLM-50037,Reserve Increase,2064.53,2025-01-01
TX-100078,CLM-50037,Expense Payment,316.54,2024-12-31
TX-100079,CLM-50038,Reserve Increase,6780.44,2025-04-01
TX-100080,CLM-50038,Loss Payment,11995.98,2025-03-26
TX-100081,CLM-50038,Loss Payment,4812.67,2025-04-07
TX-100082,CLM-50039,Reserve Increase,11364.73,2025-02-23
TX-100083,CLM-50039,Reserve Increase,13301.28,2025-02-18
TX-100084,CLM-50039,Loss Payment,7148.95,2025-03-05
TX-100085,CLM-50040,Expense Payment,326.62,2025-08-13
TX-100086,CLM-50040,Reserve Increase,8879.31,2025-08-17
TX-100087,CLM-50041,Loss Payment,7705.2,2026-01-04
TX-100088,CLM-50042,Expense Payment,307.86,2025-12-10
TX-100089,CLM-50043,Loss Payment,11821.9,2026-03-26
TX-100090,CLM-50043,Loss Payment,10084.33,2026-03-30
TX-100091,CLM-50043,Reserve Increase,10447.72,2026-04-03
TX-100092,CLM-50044,Expense Payment,512.08,2026-01-17
TX-100093,CLM-50044,Expense Payment,171.71,2026-01-18
TX-100094,CLM-50044,Loss Payment,7539.77,2026-01-04
TX-100095,CLM-50045,Loss Payment,10459.66,2026-03-23
TX-100096,CLM-50045,Reserve Increase,3354.45,2026-03-24
TX-100097,CLM-50045,Reserve Increase,11571.56,2026-03-19
TX-100098,CLM-50046,Expense Payment,203.99,2025-09-21
TX-100099,CLM-50046,Loss Payment,5569.69,2025-09-18
TX-100100,CLM-50046,Expense Payment,72.51,2025-09-19
TX-100101,CLM-50047,Expense Payment,380.31,2025-10-22
TX-100102,CLM-50048,Loss Payment,14634.58,2025-09-24
TX-100103,CLM-50048,Loss Payment,4404.69,2025-09-25
TX-100104,CLM-50049,Reserve Increase,2779.41,2026-01-05
TX-100105,CLM-50049,Loss Payment,2842.41,2025-12-19
TX-100106,CLM-50050,Expense Payment,732.99,2024-09-30
TX-100107,CLM-50051,Loss Payment,5808.06,2026-04-19
TX-100108,CLM-50051,Expense Payment,752.09,2026-04-25
TX-100109,CLM-50051,Expense Payment,230.11,2026-04-27
TX-100110,CLM-50052,Loss Payment,14129.19,2026-07-16
TX-100111,CLM-50052,Expense Payment,708.79,2026-06-29
TX-100112,CLM-50052,Loss Payment,2337.6,2026-07-01
TX-100113,CLM-50053,Loss Payment,8081.81,2025-06-14
TX-100114,CLM-50054,Reserve Increase,6557.19,2025-12-02
TX-100115,CLM-50054,Loss Payment,11493.62,2025-12-13
TX-100116,CLM-50055,Reserve Increase,4553.9,2026-03-05
TX-100117,CLM-50056,Loss Payment,988.23,2025-01-02
TX-100118,CLM-50056,Loss Payment,12802.24,2025-01-12
TX-100119,CLM-50057,Loss Payment,10964.02,2026-02-20
TX-100120,CLM-50057,Reserve Increase,9300.32,2026-02-10
TX-100121,CLM-50058,Expense Payment,613.48,2025-06-16
TX-100122,CLM-50058,Expense Payment,423.94,2025-06-14
TX-100123,CLM-50058,Loss Payment,4962.98,2025-06-11
TX-100124,CLM-50059,Reserve Increase,7352.8,2025-12-16
TX-100125,CLM-50059,Expense Payment,251.25,2025-12-13
TX-100126,CLM-50059,Reserve Increase,13833.54,2025-12-19
TX-100127,CLM-50060,Loss Payment,3266.55,2026-02-04
TX-100128,CLM-50060,Expense Payment,697.38,2026-02-10
TX-100129,CLM-50060,Loss Payment,4728.79,2026-02-10
TX-100130,CLM-50061,Loss Payment,14045.38,2026-02-03
TX-100131,CLM-50061,Expense Payment,462.91,2026-01-27
TX-100132,CLM-50061,Loss Payment,4566.71,2026-02-08
TX-100133,CLM-50062,Loss Payment,8842.64,2024-10-30
TX-100134,CLM-50062,Reserve Increase,9392.66,2024-10-29
TX-100135,CLM-50063,Expense Payment,374.38,2024-10-30
TX-100136,CLM-50063,Expense Payment,287.77,2024-10-31
TX-100137,CLM-50064,Loss Payment,6736.99,2025-09-21
TX-100138,CLM-50065,Loss Payment,5514.58,2024-10-23
TX-100139,CLM-50065,Expense Payment,681.95,2024-11-06
TX-100140,CLM-50065,Reserve Increase,9726.09,2024-10-29
TX-100141,CLM-50066,Loss Payment,1955.1,2025-12-03
TX-100142,CLM-50067,Reserve Increase,3164.54,2025-12-15
TX-100143,CLM-50068,Expense Payment,237.52,2026-02-28
TX-100144,CLM-50068,Loss Payment,10643.51,2026-02-24
TX-100145,CLM-50068,Reserve Increase,11149.35,2026-02-28
TX-100146,CLM-50069,Expense Payment,261.38,2025-10-08
TX-100147,CLM-50070,Expense Payment,666.4,2025-10-07
TX-100148,CLM-50070,Expense Payment,540.57,2025-10-11
TX-100149,CLM-50071,Loss Payment,3558.51,2025-08-04
TX-100150,CLM-50071,Expense Payment,225.29,2025-08-16
TX-100151,CLM-50072,Expense Payment,591.88,2025-10-30
TX-100152,CLM-50072,Expense Payment,643.94,2025-10-26
TX-100153,CLM-50072,Loss Payment,6546.14,2025-10-29
TX-100154,CLM-50073,Expense Payment,387.48,2026-03-09
TX-100155,CLM-50074,Expense Payment,154.21,2025-03-11
TX-100156,CLM-50075,Reserve Increase,343.28,2026-02-24
TX-100157,CLM-50075,Expense Payment,219.12,2026-02-26
TX-100158,CLM-50076,Expense Payment,622.13,2026-01-22
TX-100159,CLM-50076,Expense Payment,294.56,2026-01-05
TX-100160,CLM-50076,Reserve Increase,11823.3,2026-01-09
TX-100161,CLM-50077,Expense Payment,476.14,2025-08-11
TX-100162,CLM-50078,Reserve Increase,13030.78,2025-12-25
TX-100163,CLM-50078,Loss Payment,14240.65,2025-12-15
TX-100164,CLM-50078,Reserve Increase,5919.22,2025-12-28
TX-100165,CLM-50079,Expense Payment,477.14,2025-09-17
TX-100166,CLM-50080,Expense Payment,119.93,2025-03-21
TX-100167,CLM-50080,Reserve Increase,8383.02,2025-03-19
TX-100168,CLM-50080,Reserve Increase,9129.79,2025-03-18
TX-100169,CLM-50081,Loss Payment,1228.47,2025-03-05
TX-100170,CLM-50082,Loss Payment,3648.98,2025-11-05
TX-100171,CLM-50082,Loss Payment,6929.02,2025-10-31
TX-100172,CLM-50083,Loss Payment,2743.02,2025-04-20
TX-100173,CLM-50083,Expense Payment,167.78,2025-04-10
TX-100174,CLM-50083,Loss Payment,8139.5,2025-04-22
TX-100175,CLM-50084,Loss Payment,5957.09,2025-03-13
TX-100176,CLM-50084,Loss Payment,13082.65,2025-03-16
TX-100177,CLM-50084,Expense Payment,663.42,2025-03-22
TX-100178,CLM-50085,Reserve Increase,8711.35,2025-10-01
TX-100179,CLM-50086,Loss Payment,7636.63,2025-07-05
TX-100180,CLM-50086,Expense Payment,201.28,2025-06-25
TX-100181,CLM-50086,Expense Payment,97.98,2025-07-03
TX-100182,CLM-50087,Loss Payment,7982.68,2025-07-15
TX-100183,CLM-50087,Expense Payment,395.15,2025-07-15
TX-100184,CLM-50087,Loss Payment,11111.9,2025-07-06
TX-100185,CLM-50088,Expense Payment,310.09,2025-04-25
TX-100186,CLM-50088,Expense Payment,509.77,2025-04-21
TX-100187,CLM-50088,Expense Payment,236.85,2025-05-05
TX-100188,CLM-50089,Expense Payment,393.37,2025-05-07
TX-100189,CLM-50089,Reserve Increase,8615.51,2025-05-14
TX-100190,CLM-50089,Reserve Increase,14196.17,2025-05-09
TX-100191,CLM-50090,Expense Payment,711.92,2025-07-18
TX-100192,CLM-50091,Reserve Increase,13761.19,2025-10-30
TX-100193,CLM-50091,Expense Payment,358.46,2025-11-10
TX-100194,CLM-50092,Expense Payment,107.4,2025-08-10
TX-100195,CLM-50093,Expense Payment,357.57,2025-06-21
TX-100196,CLM-50093,Expense Payment,205.53,2025-06-17
TX-100197,CLM-50093,Expense Payment,70.04,2025-06-30
TX-100198,CLM-50094,Expense Payment,609.47,2025-07-10
TX-100199,CLM-50094,Expense Payment,78.33,2025-07-12
TX-100200,CLM-50095,Reserve Increase,13773.63,2025-07-02
TX-100201,CLM-50096,Reserve Increase,7070.83,2026-02-15
TX-100202,CLM-50096,Loss Payment,1421.72,2026-02-08
TX-100203,CLM-50096,Reserve Increase,14260.27,2026-02-05
TX-100204,CLM-50097,Expense Payment,681.17,2025-08-08
TX-100205,CLM-50097,Loss Payment,9183.43,2025-08-08
TX-100206,CLM-50098,Loss Payment,8112.88,2025-09-02
TX-100207,CLM-50098,Loss Payment,1348.26,2025-08-21
TX-100208,CLM-50099,Expense Payment,165.12,2025-07-17
TX-100209,CLM-50099,Loss Payment,3406.75,2025-07-07
TX-100210,CLM-50099,Reserve Increase,8078.02,2025-07-20
TX-100211,CLM-50100,Loss Payment,12580.22,2025-11-15
TX-100212,CLM-50100,Reserve Increase,10005.59,2025-11-02
TX-100213,CLM-50100,Expense Payment,567.76,2025-11-13
TX-100214,CLM-50101,Reserve Increase,269.05,2025-09-23
TX-100215,CLM-50102,Loss Payment,5744.74,2024-11-30
TX-100216,CLM-50103,Loss Payment,437.37,2025-09-30
TX-100217,CLM-50104,Expense Payment,665.39,2025-11-26
TX-100218,CLM-50105,Loss Payment,11994.48,2026-01-31
TX-100219,CLM-50106,Loss Payment,851.39,2025-09-02
TX-100220,CLM-50106,Loss Payment,12271.24,2025-08-27
TX-100221,CLM-50106,Reserve Increase,9476.44,2025-09-05
TX-100222,CLM-50107,Reserve Increase,6046.95,2025-12-29
TX-100223,CLM-50108,Loss Payment,3363.94,2025-10-08
TX-100224,CLM-50109,Loss Payment,421.92,2025-07-15
TX-100225,CLM-50109,Loss Payment,5959.96,2025-07-19
TX-100226,CLM-50110,Loss Payment,9937.83,2025-04-06
TX-100227,CLM-50111,Reserve Increase,5660.9,2025-09-08
TX-100228,CLM-50111,Loss Payment,6284.23,2025-09-25
TX-100229,CLM-50111,Expense Payment,787.33,2025-09-09
TX-100230,CLM-50112,Reserve Increase,11910.64,2025-02-06
TX-100231,CLM-50112,Loss Payment,3928.71,2025-01-22
TX-100232,CLM-50112,Reserve Increase,5000.44,2025-01-31
TX-100233,CLM-50113,Reserve Increase,2167.39,2025-09-25
TX-100234,CLM-50113,Reserve Increase,11473.4,2025-09-30
TX-100235,CLM-50113,Reserve Increase,7335.53,2025-09-30
TX-100236,CLM-50114,Reserve Increase,13699.13,2025-08-08
TX-100237,CLM-50115,Reserve Increase,9680.76,2025-01-20
TX-100238,CLM-50115,Reserve Increase,8894.53,2025-01-13
TX-100239,CLM-50116,Loss Payment,9321.96,2025-10-23
TX-100240,CLM-50117,Loss Payment,11121.12,2025-01-11
TX-100241,CLM-50117,Reserve Increase,1374.97,2025-01-08
TX-100242,CLM-50118,Expense Payment,272.46,2026-04-19
TX-100243,CLM-50118,Expense Payment,203.29,2026-04-16
TX-100244,CLM-50119,Reserve Increase,9051.51,2025-04-20
TX-100245,CLM-50120,Expense Payment,150.7,2026-02-09
TX-100246,CLM-50120,Reserve Increase,11847.17,2026-01-31
TX-100247,CLM-50120,Reserve Increase,11918.34,2026-02-12
TX-100248,CLM-50121,Expense Payment,612.91,2026-02-20
TX-100249,CLM-50121,Reserve Increase,5102.8,2026-02-20
TX-100250,CLM-50121,Loss Payment,8181.81,2026-02-20
TX-100251,CLM-50122,Reserve Increase,10848.63,2026-02-28
TX-100252,CLM-50122,Expense Payment,441.1,2026-02-14
TX-100253,CLM-50122,Expense Payment,522.34,2026-02-11
TX-100254,CLM-50123,Loss Payment,14314.19,2025-07-03
TX-100255,CLM-50123,Reserve Increase,14881.79,2025-07-08
TX-100256,CLM-50124,Loss Payment,2770.4,2025-12-23
TX-100257,CLM-50125,Loss Payment,7709.88,2025-09-15
TX-100258,CLM-50126,Expense Payment,283.6,2025-04-12
TX-100259,CLM-50126,Loss Payment,6475.45,2025-04-25
TX-100260,CLM-50126,Loss Payment,4685.89,2025-04-24
TX-100261,CLM-50127,Reserve Increase,3180.73,2026-04-20
TX-100262,CLM-50127,Loss Payment,14275.0,2026-04-16
TX-100263,CLM-50128,Expense Payment,175.82,2025-10-31
TX-100264,CLM-50128,Expense Payment,428.97,2025-10-30
TX-100265,CLM-50129,Expense Payment,64.86,2025-05-21
TX-100266,CLM-50130,Loss Payment,11431.1,2025-10-15
TX-100267,CLM-50130,Reserve Increase,8150.53,2025-10-23
TX-100268,CLM-50131,Loss Payment,4007.92,2025-07-08
TX-100269,CLM-50131,Expense Payment,390.2,2025-07-06
TX-100270,CLM-50131,Reserve Increase,9169.18,2025-06-26
TX-100271,CLM-50132,Loss Payment,10779.98,2025-01-11
TX-100272,CLM-50132,Loss Payment,13758.75,2025-01-05
TX-100273,CLM-50133,Reserve Increase,11009.46,2025-09-11
TX-100274,CLM-50134,Expense Payment,744.27,2025-06-16
TX-100275,CLM-50134,Reserve Increase,5722.54,2025-06-19
TX-100276,CLM-50135,Reserve Increase,14815.33,2026-03-09
TX-100277,CLM-50135,Expense Payment,713.75,2026-03-10
TX-100278,CLM-50136,Reserve Increase,2602.96,2025-09-16
TX-100279,CLM-50136,Expense Payment,628.45,2025-09-14
TX-100280,CLM-50137,Reserve Increase,7431.6,2025-05-02
TX-100281,CLM-50137,Reserve Increase,1054.03,2025-05-03
TX-100282,CLM-50137,Expense Payment,601.75,2025-04-28
TX-100283,CLM-50138,Loss Payment,13837.73,2025-07-01
TX-100284,CLM-50138,Reserve Increase,10657.07,2025-06-20
TX-100285,CLM-50139,Reserve Increase,9750.94,2025-11-08
TX-100286,CLM-50139,Reserve Increase,6940.97,2025-11-04
TX-100287,CLM-50139,Expense Payment,235.56,2025-11-18
TX-100288,CLM-50140,Loss Payment,382.59,2025-08-06
TX-100289,CLM-50140,Reserve Increase,10731.82,2025-08-16
TX-100290,CLM-50140,Expense Payment,579.55,2025-08-06
TX-100291,CLM-50141,Loss Payment,13164.89,2026-05-25
TX-100292,CLM-50141,Expense Payment,239.65,2026-05-29
TX-100293,CLM-50141,Reserve Increase,14521.71,2026-06-01
TX-100294,CLM-50142,Expense Payment,600.45,2025-05-13
TX-100295,CLM-50142,Loss Payment,9615.47,2025-05-22
TX-100296,CLM-50142,Loss Payment,4181.52,2025-05-17
TX-100297,CLM-50143,Expense Payment,574.26,2025-04-23
TX-100298,CLM-50143,Loss Payment,12282.56,2025-04-23
TX-100299,CLM-50143,Loss Payment,1233.65,2025-05-06
TX-100300,CLM-50144,Expense Payment,540.89,2025-10-26
TX-100301,CLM-50144,Loss Payment,2810.74,2025-10-18
TX-100302,CLM-50144,Reserve Increase,2188.11,2025-10-28
TX-100303,CLM-50145,Reserve Increase,14237.55,2025-12-11
TX-100304,CLM-50146,Loss Payment,2947.44,2025-12-15
TX-100305,CLM-50146,Reserve Increase,2904.4,2025-12-20
TX-100306,CLM-50146,Expense Payment,787.21,2025-12-27
TX-100307,CLM-50147,Reserve Increase,13711.98,2026-01-27
TX-100308,CLM-50147,Reserve Increase,2658.67,2026-02-02
TX-100309,CLM-50148,Expense Payment,143.51,2025-12-13
TX-100310,CLM-50149,Loss Payment,8867.57,2025-01-12
TX-100311,CLM-50149,Expense Payment,554.6,2024-12-31
TX-100312,CLM-50150,Loss Payment,4138.0,2025-08-19
TX-100313,CLM-50151,Reserve Increase,11880.27,2025-09-29
TX-100314,CLM-50151,Loss Payment,3323.81,2025-09-28
TX-100315,CLM-50151,Expense Payment,502.24,2025-10-06
TX-100316,CLM-50152,Expense Payment,617.68,2026-01-12
TX-100317,CLM-50152,Expense Payment,302.41,2026-01-03
TX-100318,CLM-50153,Loss Payment,14126.67,2025-07-11
TX-100319,CLM-50153,Expense Payment,508.11,2025-07-10
TX-100320,CLM-50154,Loss Payment,245.65,2025-06-27
TX-100321,CLM-50154,Reserve Increase,12564.23,2025-06-19
TX-100322,CLM-50155,Reserve Increase,2018.84,2025-12-12
TX-100323,CLM-50156,Reserve Increase,11321.31,2025-10-17
TX-100324,CLM-50156,Expense Payment,388.94,2025-10-25
TX-100325,CLM-50157,Expense Payment,545.17,2025-04-08
TX-100326,CLM-50157,Reserve Increase,14371.7,2025-04-18
TX-100327,CLM-50157,Loss Payment,9579.9,2025-04-09
TX-100328,CLM-50158,Expense Payment,558.45,2025-06-06
TX-100329,CLM-50158,Reserve Increase,7371.13,2025-06-18
TX-100330,CLM-50158,Loss Payment,5355.34,2025-06-14
TX-100331,CLM-50159,Reserve Increase,13597.0,2026-05-07
TX-100332,CLM-50159,Expense Payment,505.38,2026-04-29
TX-100333,CLM-50159,Reserve Increase,13168.26,2026-05-11
TX-100334,CLM-50160,Loss Payment,7569.29,2024-10-14
TX-100335,CLM-50161,Reserve Increase,14945.31,2025-12-04
TX-100336,CLM-50161,Loss Payment,13466.85,2025-11-23
TX-100337,CLM-50162,Reserve Increase,8201.89,2025-06-02
TX-100338,CLM-50162,Loss Payment,2722.41,2025-05-28
TX-100339,CLM-50163,Expense Payment,795.02,2025-12-21
TX-100340,CLM-50164,Expense Payment,726.99,2025-09-27
TX-100341,CLM-50165,Reserve Increase,4012.9,2026-03-05
TX-100342,CLM-50166,Loss Payment,10049.05,2025-08-06
TX-100343,CLM-50166,Reserve Increase,10936.13,2025-07-22
TX-100344,CLM-50166,Reserve Increase,5125.46,2025-07-27
TX-100345,CLM-50167,Reserve Increase,1157.07,2025-12-02
TX-100346,CLM-50167,Expense Payment,732.63,2025-12-04
TX-100347,CLM-50167,Reserve Increase,9703.11,2025-12-09
TX-100348,CLM-50168,Loss Payment,3508.55,2025-05-25
TX-100349,CLM-50168,Expense Payment,115.76,2025-05-24
TX-100350,CLM-50169,Reserve Increase,8964.57,2025-03-08
TX-100351,CLM-50169,Reserve Increase,14141.71,2025-03-20
TX-100352,CLM-50170,Loss Payment,12829.29,2025-02-06
TX-100353,CLM-50170,Reserve Increase,11106.38,2025-02-03
TX-100354,CLM-50171,Reserve Increase,8126.92,2025-05-08
TX-100355,CLM-50172,Expense Payment,628.46,2025-06-20
TX-100356,CLM-50172,Reserve Increase,10023.39,2025-07-04
TX-100357,CLM-50173,Loss Payment,6050.62,2025-05-11
TX-100358,CLM-50174,Expense Payment,158.53,2025-07-04
TX-100359,CLM-50174,Loss Payment,7597.52,2025-07-09
TX-100360,CLM-50175,Reserve Increase,4394.21,2025-06-14
TX-100361,CLM-50176,Expense Payment,281.67,2025-06-30
TX-100362,CLM-50176,Expense Payment,797.64,2025-07-15
TX-100363,CLM-50176,Expense Payment,523.31,2025-07-03
TX-100364,CLM-50177,Expense Payment,578.11,2025-01-15
TX-100365,CLM-50177,Loss Payment,14720.91,2025-01-13
TX-100366,CLM-50178,Reserve Increase,3317.07,2025-09-26
TX-100367,CLM-50179,Reserve Increase,977.98,2025-08-12
TX-100368,CLM-50179,Expense Payment,595.55,2025-08-16
TX-100369,CLM-50179,Reserve Increase,13703.17,2025-08-12
TX-100370,CLM-50180,Reserve Increase,6005.83,2025-04-27
TX-100371,CLM-50181,Expense Payment,792.74,2026-06-25
TX-100372,CLM-50181,Expense Payment,103.87,2026-06-22
TX-100373,CLM-50181,Expense Payment,572.28,2026-06-19
TX-100374,CLM-50182,Reserve Increase,6027.83,2026-05-23
TX-100375,CLM-50182,Expense Payment,614.2,2026-06-06
TX-100376,CLM-50182,Loss Payment,12777.18,2026-05-28
TX-100377,CLM-50183,Reserve Increase,2622.68,2025-05-07
TX-100378,CLM-50183,Expense Payment,571.97,2025-05-12
TX-100379,CLM-50184,Loss Payment,3428.42,2025-10-01
TX-100380,CLM-50185,Reserve Increase,335.16,2024-11-22
TX-100381,CLM-50185,Loss Payment,10239.1,2024-11-08
TX-100382,CLM-50185,Expense Payment,762.8,2024-11-17
TX-100383,CLM-50186,Loss Payment,13904.58,2025-03-18
TX-100384,CLM-50186,Expense Payment,780.62,2025-03-20
TX-100385,CLM-50186,Loss Payment,1936.73,2025-03-31
TX-100386,CLM-50187,Expense Payment,495.04,2025-08-25
TX-100387,CLM-50187,Reserve Increase,10893.75,2025-08-28
TX-100388,CLM-50187,Loss Payment,1958.28,2025-09-02
TX-100389,CLM-50188,Expense Payment,565.99,2025-07-11
TX-100390,CLM-50188,Reserve Increase,11228.96,2025-07-08
TX-100391,CLM-50189,Reserve Increase,5855.09,2025-11-11
TX-100392,CLM-50189,Expense Payment,58.7,2025-10-31
TX-100393,CLM-50190,Loss Payment,7440.43,2025-05-18
TX-100394,CLM-50191,Loss Payment,8885.39,2025-05-23
TX-100395,CLM-50192,Expense Payment,570.29,2025-01-24
TX-100396,CLM-50192,Reserve Increase,2880.23,2025-02-05
TX-100397,CLM-50193,Reserve Increase,6618.12,2025-06-10
TX-100398,CLM-50193,Loss Payment,1671.73,2025-05-25
TX-100399,CLM-50193,Reserve Increase,13651.43,2025-06-09
TX-100400,CLM-50194,Expense Payment,659.65,2025-05-29
TX-100401,CLM-50195,Reserve Increase,12298.45,2025-05-10
TX-100402,CLM-50195,Expense Payment,97.95,2025-05-12
TX-100403,CLM-50196,Reserve Increase,12318.65,2026-06-05
TX-100404,CLM-50196,Loss Payment,14492.08,2026-06-05
TX-100405,CLM-50196,Loss Payment,12957.65,2026-06-07
TX-100406,CLM-50197,Reserve Increase,6819.05,2026-01-23
TX-100407,CLM-50198,Loss Payment,2106.48,2025-08-04
TX-100408,CLM-50199,Loss Payment,1499.75,2026-05-14
TX-100409,CLM-50199,Loss Payment,1452.23,2026-05-09
TX-100410,CLM-50199,Reserve Increase,4618.95,2026-05-23
TX-100411,CLM-50200,Expense Payment,782.83,2024-09-23
TX-100412,CLM-50201,Expense Payment,84.62,2025-09-09
TX-100413,CLM-50202,Reserve Increase,8104.72,2025-09-19
TX-100414,CLM-50202,Reserve Increase,7458.55,2025-09-25
TX-100415,CLM-50203,Expense Payment,504.63,2025-08-26
TX-100416,CLM-50203,Loss Payment,10381.37,2025-08-11
TX-100417,CLM-50203,Loss Payment,743.66,2025-08-14
TX-100418,CLM-50204,Loss Payment,14369.86,2025-09-22
TX-100419,CLM-50204,Reserve Increase,3397.39,2025-09-14
TX-100420,CLM-50205,Loss Payment,10990.75,2025-09-09
TX-100421,CLM-50205,Loss Payment,8337.76,2025-09-04
TX-100422,CLM-50206,Reserve Increase,13574.17,2025-12-17
TX-100423,CLM-50206,Expense Payment,112.44,2025-12-13
TX-100424,CLM-50207,Expense Payment,755.15,2025-04-02
TX-100425,CLM-50207,Reserve Increase,3215.69,2025-04-06
TX-100426,CLM-50207,Reserve Increase,10512.68,2025-04-04
TX-100427,CLM-50208,Expense Payment,472.73,2025-02-09
TX-100428,CLM-50208,Reserve Increase,2627.84,2025-01-28
TX-100429,CLM-50208,Expense Payment,794.34,2025-02-06
TX-100430,CLM-50209,Loss Payment,14467.46,2025-03-23
TX-100431,CLM-50209,Loss Payment,4197.85,2025-04-02
TX-100432,CLM-50210,Reserve Increase,8315.86,2026-01-29
TX-100433,CLM-50211,Reserve Increase,1516.82,2024-12-28
TX-100434,CLM-50211,Expense Payment,159.75,2024-12-25
TX-100435,CLM-50212,Loss Payment,1649.61,2025-09-08
TX-100436,CLM-50212,Expense Payment,763.84,2025-09-04
TX-100437,CLM-50213,Reserve Increase,10979.25,2026-02-09
TX-100438,CLM-50214,Expense Payment,121.66,2026-01-09
TX-100439,CLM-50214,Reserve Increase,8667.94,2026-01-07
TX-100440,CLM-50214,Reserve Increase,4211.6,2026-01-01
TX-100441,CLM-50215,Loss Payment,4906.35,2025-09-14
TX-100442,CLM-50216,Expense Payment,654.56,2025-10-11
TX-100443,CLM-50217,Reserve Increase,13253.91,2025-07-05
TX-100444,CLM-50217,Expense Payment,494.23,2025-07-01
TX-100445,CLM-50217,Loss Payment,10362.54,2025-06-27
TX-100446,CLM-50218,Loss Payment,2311.52,2025-07-09
TX-100447,CLM-50218,Reserve Increase,4157.07,2025-07-02
TX-100448,CLM-50218,Reserve Increase,11707.42,2025-07-10
TX-100449,CLM-50219,Reserve Increase,6975.24,2025-02-13
TX-100450,CLM-50219,Expense Payment,648.85,2025-02-15
TX-100451,CLM-50220,Expense Payment,764.46,2024-11-24
TX-100452,CLM-50220,Reserve Increase,13244.54,2024-11-15
TX-100453,CLM-50221,Reserve Increase,12897.24,2026-01-10
TX-100454,CLM-50221,Expense Payment,627.93,2026-01-03
TX-100455,CLM-50222,Loss Payment,1335.06,2025-06-20
TX-100456,CLM-50222,Loss Payment,2643.67,2025-06-14
TX-100457,CLM-50222,Loss Payment,11202.46,2025-06-30
TX-100458,CLM-50223,Loss Payment,14440.06,2025-11-20
TX-100459,CLM-50223,Reserve Increase,7728.5,2025-11-11
TX-100460,CLM-50224,Expense Payment,436.26,2025-10-04
TX-100461,CLM-50224,Reserve Increase,2045.44,2025-09-17
TX-100462,CLM-50225,Loss Payment,13681.12,2025-06-29
TX-100463,CLM-50225,Reserve Increase,6489.69,2025-07-16
TX-100464,CLM-50225,Reserve Increase,5306.9,2025-07-15
TX-100465,CLM-50226,Reserve Increase,826.87,2025-03-03
TX-100466,CLM-50226,Loss Payment,10182.93,2025-03-05
TX-100467,CLM-50226,Loss Payment,2787.25,2025-02-28
TX-100468,CLM-50227,Reserve Increase,5428.71,2026-01-03
TX-100469,CLM-50228,Expense Payment,334.32,2026-05-14
TX-100470,CLM-50228,Loss Payment,5201.79,2026-05-10
TX-100471,CLM-50229,Loss Payment,4492.96,2025-09-21
TX-100472,CLM-50229,Expense Payment,248.56,2025-09-06
TX-100473,CLM-50229,Reserve Increase,9541.41,2025-09-18
TX-100474,CLM-50230,Expense Payment,746.83,2026-05-30
TX-100475,CLM-50231,Expense Payment,719.37,2025-09-21
TX-100476,CLM-50232,Expense Payment,54.42,2025-08-02
TX-100477,CLM-50233,Expense Payment,315.42,2025-11-02
TX-100478,CLM-50233,Expense Payment,717.65,2025-11-07
TX-100479,CLM-50234,Expense Payment,56.65,2026-04-07
TX-100480,CLM-50234,Expense Payment,198.16,2026-04-10
TX-100481,CLM-50235,Loss Payment,6278.64,2025-07-12
TX-100482,CLM-50235,Loss Payment,2503.33,2025-07-05
TX-100483,CLM-50235,Loss Payment,7166.34,2025-07-08
TX-100484,CLM-50236,Expense Payment,371.26,2025-05-02
TX-100485,CLM-50236,Reserve Increase,12210.85,2025-04-30
TX-100486,CLM-50237,Reserve Increase,12622.49,2025-03-29
TX-100487,CLM-50237,Loss Payment,5435.32,2025-04-06
TX-100488,CLM-50238,Expense Payment,712.68,2025-05-17
TX-100489,CLM-50239,Loss Payment,4416.52,2025-10-11
TX-100490,CLM-50240,Expense Payment,607.94,2025-02-23
TX-100491,CLM-50240,Loss Payment,10059.83,2025-03-09
TX-100492,CLM-50241,Expense Payment,139.09,2024-11-25
TX-100493,CLM-50241,Reserve Increase,7534.4,2024-11-14
TX-100494,CLM-50241,Expense Payment,613.32,2024-11-22
TX-100495,CLM-50242,Reserve Increase,13868.71,2025-05-16
TX-100496,CLM-50242,Loss Payment,1824.05,2025-05-07
TX-100497,CLM-50242,Loss Payment,2066.63,2025-05-15
TX-100498,CLM-50243,Loss Payment,11557.3,2025-08-04
TX-100499,CLM-50243,Loss Payment,10238.99,2025-08-07
TX-100500,CLM-50243,Expense Payment,782.33,2025-07-28
TX-100501,CLM-50244,Expense Payment,267.1,2025-09-18
TX-100502,CLM-50244,Loss Payment,11461.32,2025-09-10
TX-100503,CLM-50245,Loss Payment,10992.88,2025-03-13
TX-100504,CLM-50245,Loss Payment,4360.85,2025-03-11
TX-100505,CLM-50245,Expense Payment,795.69,2025-03-15
TX-100506,CLM-50246,Expense Payment,198.81,2025-09-05
TX-100507,CLM-50246,Reserve Increase,11010.76,2025-09-21
TX-100508,CLM-50246,Loss Payment,2992.3,2025-09-20
TX-100509,CLM-50247,Reserve Increase,2401.15,2025-02-15
TX-100510,CLM-50247,Loss Payment,6138.99,2025-02-20
TX-100511,CLM-50247,Loss Payment,13950.66,2025-02-25
TX-100512,CLM-50248,Reserve Increase,3154.72,2026-01-16
TX-100513,CLM-50249,Expense Payment,443.73,2026-04-18
TX-100514,CLM-50249,Loss Payment,5175.43,2026-04-26
TX-100515,CLM-50250,Reserve Increase,6520.68,2025-07-07
TX-100516,CLM-50251,Loss Payment,4184.84,2026-02-11
TX-100517,CLM-50251,Expense Payment,583.69,2026-02-10
TX-100518,CLM-50252,Loss Payment,2889.92,2025-11-08
TX-100519,CLM-50252,Loss Payment,9974.38,2025-11-18
TX-100520,CLM-50253,Expense Payment,404.04,2025-12-13
TX-100521,CLM-50254,Expense Payment,188.63,2026-04-18
TX-100522,CLM-50255,Expense Payment,278.27,2025-08-21
TX-100523,CLM-50255,Reserve Increase,402.19,2025-09-04
TX-100524,CLM-50256,Expense Payment,320.43,2025-06-29
TX-100525,CLM-50257,Reserve Increase,8027.16,2026-05-09
TX-100526,CLM-50257,Loss Payment,9823.68,2026-05-04
TX-100527,CLM-50257,Reserve Increase,5883.93,2026-05-01
TX-100528,CLM-50258,Reserve Increase,11190.29,2026-04-11
TX-100529,CLM-50259,Reserve Increase,14531.29,2025-05-01
TX-100530,CLM-50260,Reserve Increase,6797.39,2026-01-20
TX-100531,CLM-50261,Reserve Increase,9361.35,2025-02-05
TX-100532,CLM-50262,Expense Payment,792.23,2025-07-31
TX-100533,CLM-50262,Reserve Increase,10867.39,2025-07-26
TX-100534,CLM-50262,Loss Payment,3037.26,2025-08-11
TX-100535,CLM-50263,Expense Payment,718.69,2025-09-20
TX-100536,CLM-50263,Expense Payment,721.18,2025-09-17
TX-100537,CLM-50263,Reserve Increase,10816.42,2025-09-16
TX-100538,CLM-50264,Expense Payment,364.25,2026-05-16
TX-100539,CLM-50265,Loss Payment,9067.47,2025-09-20
TX-100540,CLM-50266,Loss Payment,14345.88,2025-07-11
TX-100541,CLM-50266,Reserve Increase,3014.83,2025-07-22
TX-100542,CLM-50267,Reserve Increase,8080.55,2025-11-21
TX-100543,CLM-50267,Loss Payment,2649.67,2025-11-21
TX-100544,CLM-50268,Reserve Increase,11734.71,2025-08-06
TX-100545,CLM-50268,Reserve Increase,4218.11,2025-07-30
TX-100546,CLM-50269,Loss Payment,8664.09,2024-12-29
TX-100547,CLM-50270,Loss Payment,13211.49,2025-04-24
TX-100548,CLM-50270,Expense Payment,427.86,2025-04-24
TX-100549,CLM-50270,Expense Payment,277.56,2025-04-15
TX-100550,CLM-50271,Reserve Increase,4174.02,2025-05-17
TX-100551,CLM-50271,Loss Payment,3514.16,2025-05-31
TX-100552,CLM-50272,Expense Payment,79.32,2025-05-17
TX-100553,CLM-50273,Loss Payment,4202.44,2025-03-15
TX-100554,CLM-50273,Reserve Increase,14704.35,2025-03-20
TX-100555,CLM-50274,Loss Payment,220.72,2025-12-07
TX-100556,CLM-50274,Reserve Increase,9156.36,2025-12-07
TX-100557,CLM-50274,Expense Payment,112.43,2025-12-13
TX-100558,CLM-50275,Reserve Increase,2177.45,2025-07-19
TX-100559,CLM-50275,Expense Payment,293.48,2025-07-01
TX-100560,CLM-50276,Loss Payment,12394.19,2025-08-11
TX-100561,CLM-50276,Reserve Increase,14485.37,2025-08-09
TX-100562,CLM-50276,Expense Payment,778.7,2025-08-21
TX-100563,CLM-50277,Reserve Increase,1775.35,2025-07-07
TX-100564,CLM-50277,Reserve Increase,4008.71,2025-07-14
TX-100565,CLM-50277,Reserve Increase,3251.15,2025-07-09
TX-100566,CLM-50278,Expense Payment,251.6,2025-10-06
TX-100567,CLM-50279,Expense Payment,166.73,2026-05-03
TX-100568,CLM-50279,Reserve Increase,10949.03,2026-05-07
TX-100569,CLM-50279,Loss Payment,13552.09,2026-04-28
TX-100570,CLM-50280,Loss Payment,6998.97,2025-06-30
TX-100571,CLM-50280,Loss Payment,8630.94,2025-06-30
TX-100572,CLM-50281,Expense Payment,65.79,2025-01-18
TX-100573,CLM-50281,Loss Payment,12298.99,2025-02-01
TX-100574,CLM-50281,Loss Payment,1227.92,2025-01-15
TX-100575,CLM-50282,Loss Payment,6934.36,2025-08-23
TX-100576,CLM-50282,Loss Payment,10919.74,2025-08-15
TX-100577,CLM-50283,Loss Payment,9128.74,2025-09-30
TX-100578,CLM-50283,Expense Payment,65.54,2025-09-18
TX-100579,CLM-50283,Reserve Increase,14033.23,2025-09-22
TX-100580,CLM-50284,Loss Payment,4161.32,2025-07-02
TX-100581,CLM-50285,Loss Payment,14372.74,2025-10-23
TX-100582,CLM-50286,Reserve Increase,12310.18,2025-12-20
TX-100583,CLM-50286,Loss Payment,2260.61,2026-01-05
TX-100584,CLM-50286,Expense Payment,661.6,2025-12-27
TX-100585,CLM-50287,Expense Payment,165.88,2026-05-23
TX-100586,CLM-50287,Reserve Increase,10442.21,2026-06-08
TX-100587,CLM-50288,Loss Payment,12408.89,2025-09-20
TX-100588,CLM-50289,Expense Payment,126.92,2025-06-26
TX-100589,CLM-50289,Loss Payment,217.91,2025-06-20
TX-100590,CLM-50289,Loss Payment,3554.79,2025-06-25
TX-100591,CLM-50290,Expense Payment,541.52,2026-02-17
TX-100592,CLM-50291,Expense Payment,565.07,2025-09-06
TX-100593,CLM-50291,Expense Payment,177.17,2025-09-06
TX-100594,CLM-50291,Loss Payment,1705.7,2025-09-12
TX-100595,CLM-50292,Loss Payment,9312.31,2025-08-12
TX-100596,CLM-50292,Expense Payment,742.49,2025-08-11
TX-100597,CLM-50293,Reserve Increase,2436.32,2026-04-16
TX-100598,CLM-50294,Expense Payment,499.71,2025-12-15
TX-100599,CLM-50294,Loss Payment,13418.14,2025-12-11
TX-100600,CLM-50294,Reserve Increase,12299.93,2025-12-13
TX-100601,CLM-50295,Expense Payment,737.18,2025-04-18
TX-100602,CLM-50296,Reserve Increase,12020.52,2025-07-17
TX-100603,CLM-50296,Loss Payment,11711.2,2025-07-21
TX-100604,CLM-50297,Loss Payment,5980.87,2026-07-24
TX-100605,CLM-50297,Loss Payment,1874.83,2026-07-22
TX-100606,CLM-50298,Expense Payment,158.5,2025-07-18
TX-100607,CLM-50298,Loss Payment,2891.71,2025-07-20
TX-100608,CLM-50298,Expense Payment,289.49,2025-07-21
TX-100609,CLM-50299,Reserve Increase,14598.16,2025-02-05
TX-100610,CLM-50299,Reserve Increase,5135.28,2025-01-24
TX-100611,CLM-50300,Expense Payment,462.0,2025-07-02
TX-100612,CLM-50300,Reserve Increase,7490.5,2025-07-02
TX-100613,CLM-50301,Expense Payment,112.71,2025-09-22
TX-100614,CLM-50302,Reserve Increase,11693.57,2025-09-29
TX-100615,CLM-50302,Reserve Increase,1491.3,2025-10-03
TX-100616,CLM-50302,Loss Payment,3208.54,2025-09-22
TX-100617,CLM-50303,Reserve Increase,7214.11,2026-02-04
TX-100618,CLM-50303,Loss Payment,1081.75,2026-02-11
TX-100619,CLM-50304,Loss Payment,4561.52,2025-07-07
TX-100620,CLM-50304,Reserve Increase,14582.93,2025-07-16
TX-100621,CLM-50305,Loss Payment,12451.76,2026-02-02
TX-100622,CLM-50306,Loss Payment,1935.09,2026-01-06
TX-100623,CLM-50306,Expense Payment,599.81,2026-01-15
TX-100624,CLM-50306,Expense Payment,90.56,2026-01-05
TX-100625,CLM-50307,Reserve Increase,1291.8,2025-05-31
TX-100626,CLM-50307,Loss Payment,646.75,2025-05-23
TX-100627,CLM-50307,Loss Payment,1369.1,2025-05-14
TX-100628,CLM-50308,Reserve Increase,12499.81,2025-03-07
TX-100629,CLM-50309,Loss Payment,7152.52,2025-12-10
TX-100630,CLM-50310,Reserve Increase,10538.75,2025-10-05
TX-100631,CLM-50310,Expense Payment,358.64,2025-10-06
TX-100632,CLM-50310,Expense Payment,636.05,2025-09-26
TX-100633,CLM-50311,Loss Payment,2507.13,2025-09-02
TX-100634,CLM-50311,Reserve Increase,11316.77,2025-09-17
TX-100635,CLM-50312,Loss Payment,6066.58,2025-04-03
TX-100636,CLM-50313,Expense Payment,465.62,2026-06-05
TX-100637,CLM-50313,Reserve Increase,7627.71,2026-06-04
TX-100638,CLM-50313,Expense Payment,748.59,2026-06-05
TX-100639,CLM-50314,Reserve Increase,5787.89,2025-04-19
TX-100640,CLM-50315,Loss Payment,6125.96,2025-02-28
TX-100641,CLM-50315,Loss Payment,6005.91,2025-03-16
TX-100642,CLM-50315,Reserve Increase,12657.35,2025-03-13
TX-100643,CLM-50316,Expense Payment,539.52,2025-03-12
TX-100644,CLM-50316,Expense Payment,173.62,2025-03-11
TX-100645,CLM-50317,Expense Payment,196.05,2025-06-04
TX-100646,CLM-50317,Loss Payment,1351.57,2025-06-20
TX-100647,CLM-50317,Expense Payment,71.04,2025-06-10
TX-100648,CLM-50318,Reserve Increase,1775.68,2026-04-03
TX-100649,CLM-50319,Loss Payment,11396.52,2025-07-04
TX-100650,CLM-50319,Loss Payment,8365.03,2025-06-26
TX-100651,CLM-50319,Loss Payment,4183.69,2025-07-13
TX-100652,CLM-50320,Loss Payment,8543.34,2025-09-06
TX-100653,CLM-50320,Loss Payment,911.12,2025-08-24
TX-100654,CLM-50320,Expense Payment,56.36,2025-09-02
TX-100655,CLM-50321,Expense Payment,425.16,2026-01-17
TX-100656,CLM-50321,Expense Payment,594.27,2026-01-11
TX-100657,CLM-50322,Reserve Increase,1641.22,2026-05-11
TX-100658,CLM-50322,Reserve Increase,7652.96,2026-05-14
TX-100659,CLM-50322,Loss Payment,550.54,2026-05-10
TX-100660,CLM-50323,Reserve Increase,13058.42,2025-04-25
TX-100661,CLM-50323,Expense Payment,170.92,2025-05-08
TX-100662,CLM-50324,Reserve Increase,1580.7,2025-12-20
TX-100663,CLM-50325,Reserve Increase,9882.46,2026-05-12
TX-100664,CLM-50326,Reserve Increase,14885.73,2025-09-28
TX-100665,CLM-50326,Reserve Increase,7944.65,2025-09-19
TX-100666,CLM-50326,Expense Payment,639.01,2025-09-19
TX-100667,CLM-50327,Expense Payment,517.6,2025-11-23
TX-100668,CLM-50327,Loss Payment,13382.06,2025-11-22
TX-100669,CLM-50328,Loss Payment,14955.74,2025-03-04
TX-100670,CLM-50329,Loss Payment,8590.13,2026-06-30
TX-100671,CLM-50330,Loss Payment,2310.81,2025-08-23
TX-100672,CLM-50331,Loss Payment,7583.9,2025-12-06
TX-100673,CLM-50331,Expense Payment,177.29,2025-12-01
TX-100674,CLM-50331,Loss Payment,1208.8,2025-12-10
TX-100675,CLM-50332,Expense Payment,116.92,2025-02-04
TX-100676,CLM-50332,Reserve Increase,11624.72,2025-02-07
TX-100677,CLM-50333,Expense Payment,622.36,2025-05-17
TX-100678,CLM-50333,Reserve Increase,13877.58,2025-05-06
TX-100679,CLM-50334,Expense Payment,79.69,2025-06-25
TX-100680,CLM-50334,Expense Payment,356.77,2025-07-05
TX-100681,CLM-50334,Reserve Increase,2108.97,2025-06-27
TX-100682,CLM-50335,Reserve Increase,14290.27,2025-08-21
TX-100683,CLM-50335,Loss Payment,10296.57,2025-08-26
TX-100684,CLM-50335,Expense Payment,247.12,2025-08-11
TX-100685,CLM-50336,Reserve Increase,1044.47,2025-02-27
TX-100686,CLM-50336,Reserve Increase,12354.28,2025-02-20
TX-100687,CLM-50336,Loss Payment,12825.28,2025-03-01
TX-100688,CLM-50337,Loss Payment,8637.98,2025-11-18
TX-100689,CLM-50337,Loss Payment,5945.7,2025-11-30
TX-100690,CLM-50338,Loss Payment,5364.28,2025-06-10
TX-100691,CLM-50338,Reserve Increase,8119.71,2025-06-10
TX-100692,CLM-50338,Loss Payment,1470.17,2025-05-30
TX-100693,CLM-50339,Expense Payment,199.6,2025-07-12
TX-100694,CLM-50339,Loss Payment,4895.82,2025-07-21
TX-100695,CLM-50340,Loss Payment,10593.9,2025-06-07
TX-100696,CLM-50340,Loss Payment,4319.95,2025-05-24
TX-100697,CLM-50341,Loss Payment,14238.3,2026-01-25
TX-100698,CLM-50341,Reserve Increase,3359.36,2026-02-08
TX-100699,CLM-50341,Loss Payment,14819.6,2026-02-02
TX-100700,CLM-50342,Expense Payment,642.17,2025-02-17
TX-100701,CLM-50343,Loss Payment,3330.09,2026-02-11
TX-100702,CLM-50344,Expense Payment,252.39,2026-01-10
TX-100703,CLM-50344,Loss Payment,2297.72,2026-01-13
TX-100704,CLM-50344,Expense Payment,111.28,2026-01-19
TX-100705,CLM-50345,Reserve Increase,3368.75,2025-10-17
TX-100706,CLM-50345,Loss Payment,12492.13,2025-10-11
TX-100707,CLM-50346,Expense Payment,772.52,2025-10-19
TX-100708,CLM-50346,Loss Payment,3139.36,2025-10-23
TX-100709,CLM-50347,Expense Payment,451.63,2025-12-20
TX-100710,CLM-50347,Reserve Increase,6664.4,2026-01-02
TX-100711,CLM-50348,Loss Payment,8501.44,2026-03-02
TX-100712,CLM-50348,Loss Payment,1351.57,2026-03-01
TX-100713,CLM-50349,Loss Payment,4991.24,2026-01-03
TX-100714,CLM-50349,Loss Payment,2427.49,2026-01-07
TX-100715,CLM-50349,Loss Payment,7591.8,2026-01-03
TX-100716,CLM-50350,Reserve Increase,6214.52,2025-10-14
TX-100717,CLM-50351,Loss Payment,14825.93,2025-09-14
TX-100718,CLM-50351,Reserve Increase,6850.06,2025-09-28
TX-100719,CLM-50351,Loss Payment,739.99,2025-09-16
TX-100720,CLM-50352,Reserve Increase,8282.08,2025-04-16
TX-100721,CLM-50352,Reserve Increase,5787.84,2025-04-22
TX-100722,CLM-50353,Loss Payment,14581.82,2026-07-13
TX-100723,CLM-50354,Expense Payment,660.33,2026-04-25
TX-100724,CLM-50355,Expense Payment,426.56,2025-06-23
TX-100725,CLM-50355,Reserve Increase,7587.13,2025-07-04
TX-100726,CLM-50356,Expense Payment,313.8,2025-10-10
TX-100727,CLM-50356,Expense Payment,442.38,2025-10-03
TX-100728,CLM-50357,Loss Payment,6990.59,2025-08-22
TX-100729,CLM-50358,Reserve Increase,9004.4,2025-11-28
TX-100730,CLM-50359,Expense Payment,263.77,2025-10-12
TX-100731,CLM-50359,Reserve Increase,4392.08,2025-10-18
TX-100732,CLM-50360,Loss Payment,12127.91,2025-09-20
TX-100733,CLM-50361,Reserve Increase,443.11,2025-04-07
TX-100734,CLM-50362,Expense Payment,612.46,2026-02-15
TX-100735,CLM-50363,Loss Payment,9576.17,2025-09-09
TX-100736,CLM-50363,Reserve Increase,12126.89,2025-09-02
TX-100737,CLM-50363,Expense Payment,208.9,2025-09-07
TX-100738,CLM-50364,Expense Payment,135.88,2025-05-19
TX-100739,CLM-50364,Loss Payment,5389.08,2025-05-18
TX-100740,CLM-50364,Expense Payment,731.0,2025-05-16
TX-100741,CLM-50365,Expense Payment,636.65,2025-10-28
TX-100742,CLM-50366,Expense Payment,709.71,2025-07-30
TX-100743,CLM-50366,Expense Payment,678.86,2025-08-04
TX-100744,CLM-50367,Loss Payment,261.53,2026-05-25
TX-100745,CLM-50367,Loss Payment,429.84,2026-05-16
TX-100746,CLM-50367,Expense Payment,680.58,2026-05-28
TX-100747,CLM-50368,Reserve Increase,4898.57,2025-08-30
TX-100748,CLM-50368,Reserve Increase,14893.87,2025-09-01
TX-100749,CLM-50368,Reserve Increase,14607.66,2025-08-31
TX-100750,CLM-50369,Reserve Increase,6021.1,2025-04-25
TX-100751,CLM-50369,Reserve Increase,6550.72,2025-05-06
TX-100752,CLM-50369,Reserve Increase,2771.02,2025-05-04
TX-100753,CLM-50370,Loss Payment,6673.54,2026-02-06
TX-100754,CLM-50370,Reserve Increase,12057.35,2026-02-19
TX-100755,CLM-50370,Loss Payment,9545.33,2026-02-15
TX-100756,CLM-50371,Expense Payment,678.0,2025-09-04
TX-100757,CLM-50371,Expense Payment,202.82,2025-09-01
TX-100758,CLM-50371,Loss Payment,6673.83,2025-09-17
TX-100759,CLM-50372,Loss Payment,9347.87,2026-01-29
TX-100760,CLM-50373,Reserve Increase,5859.59,2025-12-17
TX-100761,CLM-50374,Reserve Increase,9546.23,2025-07-02
TX-100762,CLM-50374,Loss Payment,3747.88,2025-06-28
TX-100763,CLM-50375,Loss Payment,8124.17,2025-09-01
TX-100764,CLM-50375,Reserve Increase,11744.43,2025-09-06
TX-100765,CLM-50376,Reserve Increase,965.88,2025-11-07
TX-100766,CLM-50376,Loss Payment,9486.08,2025-11-23
TX-100767,CLM-50377,Loss Payment,6995.09,2025-08-25
TX-100768,CLM-50378,Loss Payment,2299.16,2025-12-13
TX-100769,CLM-50379,Loss Payment,1345.25,2025-07-14
TX-100770,CLM-50380,Expense Payment,125.5,2025-04-29
TX-100771,CLM-50381,Loss Payment,7400.46,2026-02-03
TX-100772,CLM-50381,Loss Payment,10372.58,2026-02-13
TX-100773,CLM-50382,Reserve Increase,13642.88,2025-10-26
TX-100774,CLM-50382,Loss Payment,4621.57,2025-10-26
TX-100775,CLM-50383,Reserve Increase,9541.96,2025-09-11
TX-100776,CLM-50383,Loss Payment,14643.55,2025-09-21
TX-100777,CLM-50383,Expense Payment,796.19,2025-09-29
TX-100778,CLM-50384,Loss Payment,2544.15,2025-07-27
TX-100779,CLM-50384,Loss Payment,3054.11,2025-07-19
TX-100780,CLM-50384,Reserve Increase,540.96,2025-08-04
TX-100781,CLM-50385,Loss Payment,13029.74,2024-10-14
TX-100782,CLM-50386,Loss Payment,5047.59,2024-12-02
TX-100783,CLM-50387,Reserve Increase,10435.71,2026-01-13
TX-100784,CLM-50388,Expense Payment,411.18,2025-12-24
TX-100785,CLM-50388,Expense Payment,581.06,2025-12-31
TX-100786,CLM-50389,Reserve Increase,12173.37,2025-06-22
TX-100787,CLM-50389,Reserve Increase,14205.92,2025-06-15
TX-100788,CLM-50390,Loss Payment,3128.57,2025-09-09
TX-100789,CLM-50390,Expense Payment,127.17,2025-09-19
TX-100790,CLM-50391,Loss Payment,11952.67,2025-05-04
TX-100791,CLM-50391,Expense Payment,712.14,2025-05-02
TX-100792,CLM-50392,Reserve Increase,4220.77,2025-01-09
TX-100793,CLM-50392,Reserve Increase,1791.87,2025-01-11
TX-100794,CLM-50392,Expense Payment,199.79,2025-01-10
TX-100795,CLM-50393,Reserve Increase,12326.26,2025-05-30
TX-100796,CLM-50393,Loss Payment,13363.86,2025-06-01
TX-100797,CLM-50394,Reserve Increase,6265.16,2025-05-15
TX-100798,CLM-50394,Reserve Increase,14265.6,2025-05-12
TX-100799,CLM-50395,Expense Payment,72.45,2025-08-27
TX-100800,CLM-50395,Expense Payment,372.04,2025-08-27
TX-100801,CLM-50396,Loss Payment,1275.08,2025-07-15
TX-100802,CLM-50396,Expense Payment,158.78,2025-07-14
TX-100803,CLM-50397,Loss Payment,4915.12,2025-08-11
TX-100804,CLM-50398,Expense Payment,210.33,2025-04-05
TX-100805,CLM-50398,Expense Payment,724.06,2025-04-04
TX-100806,CLM-50398,Loss Payment,5906.75,2025-04-06
TX-100807,CLM-50399,Reserve Increase,3418.46,2025-07-12
TX-100808,CLM-50400,Reserve Increase,9196.98,2025-07-07
TX-100809,CLM-50400,Reserve Increase,13411.43,2025-07-18
TX-100810,CLM-50401,Expense Payment,288.34,2025-07-19
TX-100811,CLM-50401,Loss Payment,3117.42,2025-07-24
TX-100812,CLM-50401,Expense Payment,85.09,2025-07-17
TX-100813,CLM-50402,Loss Payment,2036.57,2024-10-07
TX-100814,CLM-50402,Reserve Increase,5037.75,2024-10-14
TX-100815,CLM-50403,Reserve Increase,514.78,2026-01-13
TX-100816,CLM-50404,Reserve Increase,14821.73,2025-12-01
TX-100817,CLM-50404,Expense Payment,148.29,2025-11-29
TX-100818,CLM-50404,Loss Payment,13458.28,2025-12-03
TX-100819,CLM-50405,Expense Payment,533.58,2025-07-20
TX-100820,CLM-50406,Loss Payment,12481.78,2025-07-14
TX-100821,CLM-50406,Reserve Increase,4654.77,2025-07-11
TX-100822,CLM-50407,Expense Payment,109.83,2025-08-25
TX-100823,CLM-50407,Expense Payment,509.24,2025-08-27
TX-100824,CLM-50408,Reserve Increase,14762.71,2025-08-10
TX-100825,CLM-50408,Reserve Increase,14513.86,2025-07-29
TX-100826,CLM-50409,Reserve Increase,1720.61,2025-06-30
TX-100827,CLM-50409,Loss Payment,12416.76,2025-06-27
TX-100828,CLM-50410,Expense Payment,696.04,2025-05-19
TX-100829,CLM-50411,Loss Payment,1502.65,2025-08-08
TX-100830,CLM-50412,Loss Payment,14024.83,2025-10-06
TX-100831,CLM-50412,Expense Payment,712.49,2025-10-06
TX-100832,CLM-50412,Loss Payment,910.45,2025-10-14
TX-100833,CLM-50413,Expense Payment,297.0,2025-08-18
TX-100834,CLM-50414,Expense Payment,574.0,2026-03-06
TX-100835,CLM-50414,Reserve Increase,7018.27,2026-03-06
TX-100836,CLM-50415,Loss Payment,11344.92,2025-04-06
TX-100837,CLM-50415,Reserve Increase,6812.34,2025-03-27
TX-100838,CLM-50416,Reserve Increase,3759.75,2025-03-04
TX-100839,CLM-50416,Reserve Increase,7453.54,2025-02-25
TX-100840,CLM-50416,Expense Payment,629.48,2025-03-04
TX-100841,CLM-50417,Loss Payment,4104.42,2026-04-05
TX-100842,CLM-50418,Loss Payment,5424.54,2025-08-10
TX-100843,CLM-50418,Reserve Increase,9777.59,2025-08-09
TX-100844,CLM-50418,Reserve Increase,1354.65,2025-08-18
TX-100845,CLM-50419,Loss Payment,394.3,2025-10-23
TX-100846,CLM-50420,Expense Payment,190.94,2024-12-31
TX-100847,CLM-50420,Expense Payment,206.5,2025-01-15
TX-100848,CLM-50421,Reserve Increase,12905.19,2025-06-27
TX-100849,CLM-50421,Reserve Increase,6919.53,2025-06-22
TX-100850,CLM-50421,Reserve Increase,1763.78,2025-06-22
TX-100851,CLM-50422,Expense Payment,339.18,2026-02-15
TX-100852,CLM-50423,Reserve Increase,3204.71,2026-08-23
TX-100853,CLM-50423,Loss Payment,1215.86,2026-08-24
TX-100854,CLM-50423,Loss Payment,10356.74,2026-08-29
TX-100855,CLM-50424,Loss Payment,2379.89,2026-01-17
TX-100856,CLM-50424,Reserve Increase,1830.95,2026-01-14
TX-100857,CLM-50424,Expense Payment,190.27,2026-01-14
TX-100858,CLM-50425,Reserve Increase,8057.1,2025-12-06
TX-100859,CLM-50425,Expense Payment,138.74,2025-12-12
TX-100860,CLM-50426,Expense Payment,373.61,2025-04-15
TX-100861,CLM-50427,Reserve Increase,6576.56,2026-02-27
TX-100862,CLM-50427,Loss Payment,6731.84,2026-02-28
TX-100863,CLM-50428,Loss Payment,9799.6,2026-07-08
TX-100864,CLM-50429,Expense Payment,192.09,2025-10-13
TX-100865,CLM-50430,Expense Payment,447.17,2024-12-24
TX-100866,CLM-50430,Reserve Increase,6616.77,2024-12-10
TX-100867,CLM-50430,Reserve Increase,3884.37,2024-12-12
TX-100868,CLM-50431,Loss Payment,986.44,2026-02-16
TX-100869,CLM-50432,Expense Payment,229.08,2025-06-21
TX-100870,CLM-50432,Loss Payment,4276.8,2025-06-23
TX-100871,CLM-50432,Reserve Increase,10794.19,2025-06-16
TX-100872,CLM-50433,Loss Payment,3454.35,2025-11-11
TX-100873,CLM-50433,Expense Payment,204.28,2025-11-09
TX-100874,CLM-50434,Reserve Increase,4462.29,2025-11-01
TX-100875,CLM-50434,Expense Payment,600.41,2025-10-16
TX-100876,CLM-50435,Reserve Increase,13635.18,2026-05-29
TX-100877,CLM-50436,Reserve Increase,4718.8,2025-11-07
TX-100878,CLM-50436,Loss Payment,4863.66,2025-11-02
TX-100879,CLM-50437,Loss Payment,5115.9,2025-04-21
TX-100880,CLM-50438,Loss Payment,10057.26,2025-01-13
TX-100881,CLM-50439,Loss Payment,2827.22,2025-08-05
TX-100882,CLM-50439,Loss Payment,2726.73,2025-07-28
TX-100883,CLM-50440,Expense Payment,777.16,2025-10-12
TX-100884,CLM-50440,Loss Payment,7426.95,2025-10-01
TX-100885,CLM-50440,Expense Payment,132.04,2025-09-24
TX-100886,CLM-50441,Reserve Increase,14858.11,2025-07-07
TX-100887,CLM-50441,Reserve Increase,7646.57,2025-07-04
TX-100888,CLM-50441,Loss Payment,1679.89,2025-07-10
TX-100889,CLM-50442,Expense Payment,601.11,2025-07-16
TX-100890,CLM-50442,Expense Payment,547.56,2025-07-07
TX-100891,CLM-50443,Expense Payment,60.17,2025-11-08
TX-100892,CLM-50443,Expense Payment,582.62,2025-11-13
TX-100893,CLM-50444,Reserve Increase,7368.45,2025-05-10
TX-100894,CLM-50444,Reserve Increase,7885.77,2025-05-02
TX-100895,CLM-50444,Loss Payment,14683.83,2025-05-09
TX-100896,CLM-50445,Loss Payment,5486.48,2025-12-20
TX-100897,CLM-50445,Loss Payment,8748.25,2026-01-02
TX-100898,CLM-50445,Expense Payment,204.73,2025-12-22
TX-100899,CLM-50446,Expense Payment,529.05,2026-01-03
TX-100900,CLM-50447,Reserve Increase,8264.76,2025-05-25
TX-100901,CLM-50447,Reserve Increase,2789.29,2025-05-22
TX-100902,CLM-50447,Expense Payment,343.27,2025-05-24
TX-100903,CLM-50448,Expense Payment,192.93,2025-09-13
TX-100904,CLM-50448,Reserve Increase,10587.17,2025-09-14
TX-100905,CLM-50449,Expense Payment,646.5,2025-05-14
TX-100906,CLM-50450,Expense Payment,132.64,2025-05-09
TX-100907,CLM-50450,Expense Payment,745.42,2025-05-13
TX-100908,CLM-50451,Reserve Increase,2423.37,2025-01-10
TX-100909,CLM-50451,Reserve Increase,8460.48,2025-01-06
TX-100910,CLM-50452,Expense Payment,266.19,2024-11-15
TX-100911,CLM-50452,Loss Payment,6917.1,2024-11-12
TX-100912,CLM-50453,Reserve Increase,2026.85,2025-05-11
TX-100913,CLM-50453,Expense Payment,53.82,2025-05-07
TX-100914,CLM-50454,Loss Payment,938.55,2026-04-10
TX-100915,CLM-50454,Expense Payment,709.04,2026-04-22
TX-100916,CLM-50454,Reserve Increase,14386.16,2026-04-23
TX-100917,CLM-50455,Loss Payment,10755.32,2025-10-16
TX-100918,CLM-50456,Loss Payment,6594.35,2026-02-02
TX-100919,CLM-50456,Expense Payment,214.14,2026-02-15
TX-100920,CLM-50456,Expense Payment,236.55,2026-02-12
TX-100921,CLM-50457,Expense Payment,775.18,2026-01-28
TX-100922,CLM-50457,Expense Payment,740.15,2026-02-13
TX-100923,CLM-50458,Loss Payment,8545.83,2025-02-07
TX-100924,CLM-50458,Reserve Increase,2259.81,2025-02-03
TX-100925,CLM-50459,Loss Payment,6361.42,2025-08-01
TX-100926,CLM-50459,Expense Payment,278.75,2025-08-04
TX-100927,CLM-50460,Reserve Increase,7025.08,2025-10-25
TX-100928,CLM-50460,Expense Payment,636.8,2025-11-02
TX-100929,CLM-50460,Loss Payment,2251.43,2025-11-03
TX-100930,CLM-50461,Expense Payment,427.86,2025-05-19
TX-100931,CLM-50461,Expense Payment,315.65,2025-05-22
TX-100932,CLM-50461,Expense Payment,771.09,2025-05-22
TX-100933,CLM-50462,Reserve Increase,591.05,2025-07-11
TX-100934,CLM-50463,Loss Payment,9305.09,2025-10-22
TX-100935,CLM-50464,Reserve Increase,7780.66,2025-03-14
TX-100936,CLM-50465,Reserve Increase,13518.7,2025-02-05
TX-100937,CLM-50465,Loss Payment,11378.96,2025-02-08
TX-100938,CLM-50465,Loss Payment,6163.54,2025-01-27
TX-100939,CLM-50466,Reserve Increase,7011.27,2025-12-16
TX-100940,CLM-50466,Loss Payment,1009.45,2025-12-18
TX-100941,CLM-50467,Reserve Increase,1641.51,2025-11-15
TX-100942,CLM-50467,Reserve Increase,7325.72,2025-11-16
TX-100943,CLM-50468,Loss Payment,11159.0,2026-03-03
TX-100944,CLM-50469,Reserve Increase,984.7,2026-05-18
TX-100945,CLM-50469,Reserve Increase,2333.45,2026-05-27
TX-100946,CLM-50469,Loss Payment,3508.45,2026-05-16
TX-100947,CLM-50470,Reserve Increase,4801.18,2025-12-17
TX-100948,CLM-50470,Expense Payment,517.75,2025-12-23
TX-100949,CLM-50471,Loss Payment,200.53,2025-11-28
TX-100950,CLM-50472,Reserve Increase,1633.58,2025-06-17
TX-100951,CLM-50473,Expense Payment,68.49,2025-04-30
TX-100952,CLM-50474,Expense Payment,91.74,2025-12-15
TX-100953,CLM-50474,Expense Payment,353.42,2025-12-17
TX-100954,CLM-50475,Reserve Increase,4052.02,2025-04-11
TX-100955,CLM-50476,Expense Payment,694.49,2025-11-20
TX-100956,CLM-50476,Loss Payment,6598.83,2025-11-01
TX-100957,CLM-50476,Loss Payment,2296.96,2025-11-08
TX-100958,CLM-50477,Reserve Increase,11176.64,2026-05-21
TX-100959,CLM-50478,Expense Payment,410.35,2025-09-12
TX-100960,CLM-50479,Loss Payment,14394.55,2025-09-30
TX-100961,CLM-50479,Expense Payment,550.77,2025-09-27
TX-100962,CLM-50479,Expense Payment,573.24,2025-09-18
TX-100963,CLM-50480,Expense Payment,660.12,2025-09-15
TX-100964,CLM-50480,Loss Payment,4394.65,2025-09-14
TX-100965,CLM-50481,Expense Payment,58.26,2026-02-21
TX-100966,CLM-50481,Loss Payment,9747.61,2026-03-03
TX-100967,CLM-50481,Expense Payment,81.97,2026-02-23
TX-100968,CLM-50482,Expense Payment,711.82,2025-09-30
TX-100969,CLM-50483,Loss Payment,14729.95,2025-01-06
TX-100970,CLM-50483,Reserve Increase,12866.43,2025-01-11
TX-100971,CLM-50484,Expense Payment,726.91,2025-09-08
TX-100972,CLM-50485,Reserve Increase,1128.93,2025-03-09
TX-100973,CLM-50485,Expense Payment,541.95,2025-03-23
TX-100974,CLM-50486,Expense Payment,586.39,2026-01-21
TX-100975,CLM-50486,Expense Payment,638.72,2026-01-26
TX-100976,CLM-50487,Loss Payment,13759.17,2025-09-27
TX-100977,CLM-50487,Expense Payment,771.92,2025-10-01
TX-100978,CLM-50488,Loss Payment,8725.38,2026-03-21
TX-100979,CLM-50488,Reserve Increase,7976.42,2026-03-09
TX-100980,CLM-50488,Reserve Increase,4996.33,2026-03-23
TX-100981,CLM-50489,Reserve Increase,9338.63,2025-01-14
TX-100982,CLM-50489,Loss Payment,864.95,2025-01-07
TX-100983,CLM-50490,Loss Payment,10045.86,2025-07-10
TX-100984,CLM-50491,Expense Payment,292.74,2025-12-29
TX-100985,CLM-50491,Reserve Increase,11974.95,2025-12-25
TX-100986,CLM-50491,Loss Payment,10976.81,2026-01-03
TX-100987,CLM-50492,Loss Payment,1116.51,2026-01-04
TX-100988,CLM-50492,Loss Payment,753.79,2025-12-29
TX-100989,CLM-50493,Expense Payment,504.9,2026-06-05
TX-100990,CLM-50493,Loss Payment,4953.16,2026-06-19
TX-100991,CLM-50494,Loss Payment,14835.29,2024-12-17
TX-100992,CLM-50494,Reserve Increase,3156.07,2024-12-07
TX-100993,CLM-50495,Expense Payment,559.14,2025-12-12
TX-100994,CLM-50495,Loss Payment,11183.88,2025-12-18
TX-100995,CLM-50496,Loss Payment,1473.07,2026-06-07
TX-100996,CLM-50496,Reserve Increase,14405.52,2026-06-10
TX-100997,CLM-50496,Loss Payment,691.94,2026-06-11
TX-100998,CLM-50497,Expense Payment,630.79,2025-04-21
TX-100999,CLM-50498,Loss Payment,5242.53,2025-12-17
TX-101000,CLM-50498,Expense Payment,192.6,2025-12-07
TX-101001,CLM-50498,Reserve Increase,12448.12,2025-12-17
TX-101002,CLM-50499,Expense Payment,513.86,2025-09-22
TX-101003,CLM-50499,Loss Payment,12063.62,2025-09-19
TX-101004,CLM-50500,Reserve Increase,5766.55,2026-03-26
TX-101005,CLM-50500,Reserve Increase,1356.53,2026-04-09
TX-101006,CLM-50501,Loss Payment,1945.33,2025-06-11
TX-101007,CLM-50501,Loss Payment,9102.05,2025-06-14
TX-101008,CLM-50502,Loss Payment,12355.65,2026-05-17
TX-101009,CLM-50503,Expense Payment,577.45,2025-03-28
TX-101010,CLM-50503,Loss Payment,14528.1,2025-03-28
TX-101011,CLM-50504,Reserve Increase,3772.7,2026-02-21
TX-101012,CLM-50504,Reserve Increase,7600.7,2026-02-17
TX-101013,CLM-50504,Reserve Increase,1038.39,2026-02-08
TX-101014,CLM-50505,Expense Payment,752.7,2025-10-17
TX-101015,CLM-50505,Reserve Increase,643.67,2025-10-19
TX-101016,CLM-50505,Expense Payment,245.66,2025-10-19
TX-101017,CLM-50506,Loss Payment,3222.65,2025-02-22
TX-101018,CLM-50507,Loss Payment,3687.13,2024-11-28
TX-101019,CLM-50507,Reserve Increase,13583.99,2024-11-27
TX-101020,CLM-50507,Expense Payment,785.79,2024-12-09
TX-101021,CLM-50508,Reserve Increase,9264.0,2025-08-25
TX-101022,CLM-50508,Reserve Increase,7285.82,2025-08-27
TX-101023,CLM-50508,Expense Payment,592.5,2025-08-26
TX-101024,CLM-50509,Expense Payment,430.7,2025-07-06
TX-101025,CLM-50510,Expense Payment,277.56,2025-06-15
TX-101026,CLM-50510,Loss Payment,13982.45,2025-06-08
TX-101027,CLM-50511,Reserve Increase,9200.46,2025-10-28
TX-101028,CLM-50512,Reserve Increase,11121.27,2025-05-05
TX-101029,CLM-50512,Expense Payment,89.11,2025-04-30
TX-101030,CLM-50512,Reserve Increase,2053.51,2025-05-01
TX-101031,CLM-50513,Loss Payment,1910.63,2025-10-19
TX-101032,CLM-50513,Reserve Increase,14741.51,2025-10-27
TX-101033,CLM-50513,Expense Payment,195.23,2025-10-29
TX-101034,CLM-50514,Loss Payment,3634.09,2026-04-04
TX-101035,CLM-50515,Loss Payment,6313.37,2025-12-23
TX-101036,CLM-50516,Loss Payment,14865.89,2025-06-14
TX-101037,CLM-50516,Reserve Increase,3898.85,2025-06-15
TX-101038,CLM-50516,Loss Payment,1038.49,2025-06-28
TX-101039,CLM-50517,Expense Payment,82.79,2025-08-03
TX-101040,CLM-50518,Reserve Increase,13378.29,2025-10-13
TX-101041,CLM-50518,Loss Payment,9170.63,2025-10-19
TX-101042,CLM-50518,Reserve Increase,2011.17,2025-10-06
TX-101043,CLM-50519,Expense Payment,753.78,2025-07-31
TX-101044,CLM-50520,Reserve Increase,11081.24,2025-10-29
TX-101045,CLM-50520,Loss Payment,6764.42,2025-10-27
TX-101046,CLM-50521,Reserve Increase,4531.71,2025-02-21
TX-101047,CLM-50521,Reserve Increase,13416.08,2025-02-24
TX-101048,CLM-50522,Reserve Increase,7650.99,2024-12-04
TX-101049,CLM-50522,Expense Payment,725.32,2024-12-22
TX-101050,CLM-50522,Expense Payment,259.84,2024-12-09
TX-101051,CLM-50523,Reserve Increase,3611.93,2026-03-22
TX-101052,CLM-50524,Loss Payment,5711.37,2025-05-06
TX-101053,CLM-50525,Loss Payment,10535.46,2025-04-04
TX-101054,CLM-50526,Loss Payment,7583.83,2025-04-22
TX-101055,CLM-50527,Expense Payment,491.18,2025-11-25
TX-101056,CLM-50527,Loss Payment,1083.86,2025-12-05
TX-101057,CLM-50528,Expense Payment,64.14,2025-11-12
TX-101058,CLM-50528,Expense Payment,383.01,2025-11-07
TX-101059,CLM-50529,Expense Payment,188.32,2026-01-21
TX-101060,CLM-50530,Loss Payment,9973.96,2025-09-14
TX-101061,CLM-50530,Reserve Increase,11492.35,2025-09-13
TX-101062,CLM-50530,Reserve Increase,11366.28,2025-09-23
TX-101063,CLM-50531,Reserve Increase,3404.85,2025-10-19
TX-101064,CLM-50531,Expense Payment,594.34,2025-11-07
TX-101065,CLM-50532,Expense Payment,636.96,2025-09-20
TX-101066,CLM-50532,Loss Payment,8388.75,2025-09-28
TX-101067,CLM-50533,Expense Payment,367.88,2025-05-24
TX-101068,CLM-50533,Reserve Increase,4049.49,2025-05-18
TX-101069,CLM-50533,Expense Payment,609.23,2025-05-13
TX-101070,CLM-50534,Loss Payment,4354.36,2025-04-29
TX-101071,CLM-50535,Loss Payment,11615.82,2025-07-23
TX-101072,CLM-50536,Reserve Increase,6040.1,2025-03-30
TX-101073,CLM-50536,Expense Payment,321.27,2025-03-19
TX-101074,CLM-50537,Reserve Increase,382.62,2026-01-05
TX-101075,CLM-50537,Reserve Increase,9979.49,2026-01-04
TX-101076,CLM-50537,Loss Payment,6768.37,2025-12-27
TX-101077,CLM-50538,Loss Payment,7103.3,2025-12-02
TX-101078,CLM-50538,Expense Payment,528.31,2025-12-08
TX-101079,CLM-50539,Expense Payment,93.94,2025-02-05
TX-101080,CLM-50540,Reserve Increase,8361.43,2025-05-01
TX-101081,CLM-50540,Expense Payment,184.85,2025-05-07
TX-101082,CLM-50541,Expense Payment,145.42,2026-01-31
TX-101083,CLM-50541,Loss Payment,13094.34,2026-01-27
TX-101084,CLM-50542,Loss Payment,9888.09,2025-05-24
TX-101085,CLM-50543,Reserve Increase,12936.44,2025-03-26
TX-101086,CLM-50543,Expense Payment,81.47,2025-03-15
TX-101087,CLM-50543,Loss Payment,14285.22,2025-03-16
TX-101088,CLM-50544,Loss Payment,10240.14,2025-03-11
TX-101089,CLM-50544,Reserve Increase,10831.13,2025-03-19
TX-101090,CLM-50545,Expense Payment,131.87,2025-11-09
TX-101091,CLM-50546,Loss Payment,7763.33,2026-07-19
TX-101092,CLM-50546,Loss Payment,5021.68,2026-07-23
TX-101093,CLM-50547,Expense Payment,103.54,2026-07-02
TX-101094,CLM-50547,Expense Payment,157.31,2026-06-29
TX-101095,CLM-50547,Reserve Increase,11864.83,2026-06-29
TX-101096,CLM-50548,Reserve Increase,5745.79,2025-08-21
TX-101097,CLM-50548,Reserve Increase,661.13,2025-08-23
TX-101098,CLM-50549,Expense Payment,747.73,2026-01-14
TX-101099,CLM-50550,Loss Payment,9213.76,2026-01-03
TX-101100,CLM-50551,Reserve Increase,11756.93,2026-05-27
TX-101101,CLM-50551,Reserve Increase,10750.04,2026-05-17
TX-101102,CLM-50551,Expense Payment,673.05,2026-05-12
TX-101103,CLM-50552,Reserve Increase,2421.11,2025-11-07
TX-101104,CLM-50552,Loss Payment,14387.65,2025-11-12
TX-101105,CLM-50552,Reserve Increase,7651.74,2025-11-23
TX-101106,CLM-50553,Reserve Increase,11062.48,2025-05-07
TX-101107,CLM-50553,Reserve Increase,1994.39,2025-05-06
TX-101108,CLM-50553,Loss Payment,9185.11,2025-05-06
TX-101109,CLM-50554,Expense Payment,287.7,2025-02-04
TX-101110,CLM-50554,Reserve Increase,4537.37,2025-02-05
TX-101111,CLM-50554,Expense Payment,232.31,2025-02-09
TX-101112,CLM-50555,Expense Payment,286.11,2025-02-07
TX-101113,CLM-50556,Loss Payment,6786.11,2025-08-29
TX-101114,CLM-50556,Expense Payment,109.77,2025-09-02
TX-101115,CLM-50556,Reserve Increase,1331.37,2025-08-27
TX-101116,CLM-50557,Expense Payment,503.91,2025-04-11
TX-101117,CLM-50557,Expense Payment,222.32,2025-04-01
TX-101118,CLM-50557,Reserve Increase,3825.17,2025-04-10
TX-101119,CLM-50558,Reserve Increase,10055.36,2025-12-10
TX-101120,CLM-50558,Expense Payment,646.89,2025-12-01
TX-101121,CLM-50558,Expense Payment,138.47,2025-12-04
TX-101122,CLM-50559,Reserve Increase,14752.07,2025-12-22
TX-101123,CLM-50559,Expense Payment,524.47,2025-12-10
TX-101124,CLM-50560,Expense Payment,61.63,2025-08-23
TX-101125,CLM-50561,Expense Payment,624.13,2025-07-10
TX-101126,CLM-50561,Reserve Increase,1694.73,2025-06-26
TX-101127,CLM-50562,Loss Payment,10412.69,2025-12-12
TX-101128,CLM-50562,Loss Payment,7820.48,2025-12-26
TX-101129,CLM-50563,Expense Payment,315.78,2025-03-10
TX-101130,CLM-50563,Reserve Increase,8442.72,2025-03-07
TX-101131,CLM-50564,Expense Payment,723.07,2025-11-16
TX-101132,CLM-50565,Reserve Increase,9326.12,2025-09-02
TX-101133,CLM-50565,Loss Payment,11133.48,2025-09-12
TX-101134,CLM-50565,Expense Payment,733.01,2025-09-15
TX-101135,CLM-50566,Expense Payment,266.97,2025-12-10
TX-101136,CLM-50566,Reserve Increase,2192.16,2025-11-30
TX-101137,CLM-50566,Reserve Increase,11536.14,2025-12-11
TX-101138,CLM-50567,Loss Payment,13454.87,2025-06-21
TX-101139,CLM-50568,Expense Payment,555.43,2025-06-09
TX-101140,CLM-50568,Expense Payment,290.33,2025-05-31
TX-101141,CLM-50568,Reserve Increase,10893.49,2025-06-03
TX-101142,CLM-50569,Loss Payment,4600.76,2026-05-09
TX-101143,CLM-50570,Reserve Increase,7861.63,2024-12-17
TX-101144,CLM-50571,Reserve Increase,12692.17,2025-12-17
TX-101145,CLM-50571,Expense Payment,292.1,2025-12-14
TX-101146,CLM-50571,Loss Payment,14312.0,2025-12-05
TX-101147,CLM-50572,Reserve Increase,3318.07,2025-12-18
TX-101148,CLM-50572,Expense Payment,481.35,2025-12-21
TX-101149,CLM-50572,Expense Payment,124.6,2025-12-11
TX-101150,CLM-50573,Loss Payment,4460.08,2026-01-31
TX-101151,CLM-50574,Loss Payment,13303.17,2025-06-29
TX-101152,CLM-50574,Expense Payment,791.6,2025-06-23
TX-101153,CLM-50575,Reserve Increase,4323.7,2025-01-28
TX-101154,CLM-50576,Reserve Increase,12614.09,2025-12-17
TX-101155,CLM-50577,Reserve Increase,13557.61,2025-08-30
TX-101156,CLM-50578,Loss Payment,298.64,2026-01-12
TX-101157,CLM-50578,Expense Payment,202.36,2026-01-30
TX-101158,CLM-50578,Expense Payment,599.07,2026-01-28
TX-101159,CLM-50579,Expense Payment,271.21,2025-09-07
TX-101160,CLM-50580,Reserve Increase,13803.92,2025-12-14
TX-101161,CLM-50580,Expense Payment,716.66,2025-12-26
TX-101162,CLM-50580,Expense Payment,115.15,2025-12-15
TX-101163,CLM-50581,Reserve Increase,10096.99,2025-10-01
TX-101164,CLM-50581,Loss Payment,11215.31,2025-09-27
TX-101165,CLM-50582,Loss Payment,5041.31,2026-07-11
TX-101166,CLM-50582,Expense Payment,257.08,2026-07-11
TX-101167,CLM-50582,Reserve Increase,11700.27,2026-07-05
TX-101168,CLM-50583,Expense Payment,125.33,2025-04-12
TX-101169,CLM-50584,Loss Payment,12653.18,2025-02-09
TX-101170,CLM-50584,Reserve Increase,9483.82,2025-02-15
TX-101171,CLM-50585,Reserve Increase,5767.89,2024-11-29
TX-101172,CLM-50586,Loss Payment,4126.23,2025-02-15
TX-101173,CLM-50586,Expense Payment,660.4,2025-02-26
TX-101174,CLM-50586,Expense Payment,148.84,2025-02-13
TX-101175,CLM-50587,Reserve Increase,11291.8,2025-06-25
TX-101176,CLM-50587,Expense Payment,100.45,2025-07-12
TX-101177,CLM-50587,Reserve Increase,3286.5,2025-06-30
TX-101178,CLM-50588,Expense Payment,565.99,2025-12-29
TX-101179,CLM-50589,Reserve Increase,8841.7,2025-05-01
TX-101180,CLM-50589,Expense Payment,447.85,2025-04-25
TX-101181,CLM-50590,Loss Payment,13150.58,2026-03-02
TX-101182,CLM-50590,Expense Payment,647.56,2026-02-27
TX-101183,CLM-50591,Expense Payment,457.56,2025-09-03
TX-101184,CLM-50591,Loss Payment,3440.17,2025-09-03
TX-101185,CLM-50591,Expense Payment,777.02,2025-09-04
TX-101186,CLM-50592,Reserve Increase,6488.01,2025-12-23
TX-101187,CLM-50593,Expense Payment,545.46,2025-02-13
TX-101188,CLM-50593,Reserve Increase,6091.72,2025-02-06
TX-101189,CLM-50594,Expense Payment,500.79,2026-04-13
TX-101190,CLM-50594,Loss Payment,4505.77,2026-04-22
TX-101191,CLM-50595,Expense Payment,95.6,2025-04-25
TX-101192,CLM-50596,Reserve Increase,4900.75,2025-08-10
TX-101193,CLM-50596,Expense Payment,368.9,2025-08-06
TX-101194,CLM-50597,Expense Payment,414.13,2025-06-11
TX-101195,CLM-50598,Reserve Increase,12314.16,2025-04-30
TX-101196,CLM-50598,Expense Payment,357.36,2025-05-09
TX-101197,CLM-50599,Reserve Increase,3251.77,2025-11-03
TX-101198,CLM-50600,Reserve Increase,5079.33,2024-12-29
TX-101199,CLM-50600,Reserve Increase,494.81,2024-12-10
TX-101200,CLM-50600,Expense Payment,117.69,2024-12-20
TX-101201,CLM-50601,Reserve Increase,1139.28,2026-01-17
TX-101202,CLM-50601,Reserve Increase,3314.86,2026-02-02
TX-101203,CLM-50602,Loss Payment,12604.61,2025-03-21
TX-101204,CLM-50603,Loss Payment,4494.77,2025-10-29
TX-101205,CLM-50603,Expense Payment,298.63,2025-10-30
TX-101206,CLM-50603,Reserve Increase,11053.35,2025-10-24
TX-101207,CLM-50604,Loss Payment,11375.8,2026-01-03
TX-101208,CLM-50605,Reserve Increase,6089.47,2025-07-30
TX-101209,CLM-50606,Loss Payment,4389.73,2026-03-01
TX-101210,CLM-50607,Reserve Increase,11631.69,2025-12-02
TX-101211,CLM-50608,Expense Payment,612.44,2026-01-12
TX-101212,CLM-50609,Expense Payment,148.39,2025-05-04
TX-101213,CLM-50609,Loss Payment,1332.6,2025-05-12
TX-101214,CLM-50609,Reserve Increase,10611.64,2025-05-09
TX-101215,CLM-50610,Loss Payment,11191.25,2025-04-10
TX-101216,CLM-50611,Loss Payment,1614.24,2026-03-05
TX-101217,CLM-50611,Expense Payment,195.71,2026-03-06
TX-101218,CLM-50611,Expense Payment,638.58,2026-02-28
TX-101219,CLM-50612,Reserve Increase,546.79,2025-06-13
TX-101220,CLM-50612,Expense Payment,202.0,2025-06-13
TX-101221,CLM-50612,Reserve Increase,8727.78,2025-06-17
TX-101222,CLM-50613,Expense Payment,119.8,2025-08-10
TX-101223,CLM-50613,Reserve Increase,4322.66,2025-08-06
TX-101224,CLM-50614,Reserve Increase,7697.58,2026-01-31
TX-101225,CLM-50614,Loss Payment,14898.68,2026-01-31
TX-101226,CLM-50614,Expense Payment,622.03,2026-01-22
TX-101227,CLM-50615,Loss Payment,8752.62,2025-09-03
TX-101228,CLM-50615,Expense Payment,628.4,2025-09-17
TX-101229,CLM-50616,Expense Payment,472.36,2025-06-11
TX-101230,CLM-50616,Expense Payment,157.83,2025-06-04
TX-101231,CLM-50617,Reserve Increase,2704.98,2026-02-05
TX-101232,CLM-50618,Loss Payment,1441.55,2025-04-25
TX-101233,CLM-50618,Reserve Increase,12603.44,2025-04-29
TX-101234,CLM-50618,Reserve Increase,12626.82,2025-04-20
TX-101235,CLM-50619,Expense Payment,239.02,2025-05-26
TX-101236,CLM-50620,Expense Payment,675.74,2026-01-29
TX-101237,CLM-50620,Expense Payment,566.75,2026-02-16
TX-101238,CLM-50620,Expense Payment,703.57,2026-02-05
TX-101239,CLM-50621,Loss Payment,11374.56,2026-01-28
TX-101240,CLM-50621,Reserve Increase,7597.27,2026-01-20
TX-101241,CLM-50621,Expense Payment,396.03,2026-01-28
TX-101242,CLM-50622,Reserve Increase,12908.06,2025-08-22
TX-101243,CLM-50622,Loss Payment,6500.39,2025-08-22
TX-101244,CLM-50622,Expense Payment,145.46,2025-08-20
TX-101245,CLM-50623,Reserve Increase,11272.6,2025-05-02
TX-101246,CLM-50624,Expense Payment,702.31,2025-05-16
TX-101247,CLM-50625,Expense Payment,421.39,2024-12-16
TX-101248,CLM-50626,Loss Payment,11285.1,2024-10-14
TX-101249,CLM-50626,Expense Payment,349.55,2024-10-06
TX-101250,CLM-50627,Expense Payment,796.81,2025-06-11
TX-101251,CLM-50628,Expense Payment,511.33,2025-02-19
TX-101252,CLM-50628,Reserve Increase,9823.27,2025-02-12
TX-101253,CLM-50628,Expense Payment,442.44,2025-02-14
TX-101254,CLM-50629,Reserve Increase,5694.55,2025-04-14
TX-101255,CLM-50629,Expense Payment,404.08,2025-04-01
TX-101256,CLM-50629,Expense Payment,745.31,2025-03-30
TX-101257,CLM-50630,Reserve Increase,10783.21,2025-11-05
TX-101258,CLM-50631,Expense Payment,362.23,2025-10-19
TX-101259,CLM-50632,Loss Payment,14900.99,2026-03-17
TX-101260,CLM-50632,Expense Payment,576.1,2026-03-23
TX-101261,CLM-50633,Loss Payment,8158.43,2026-03-14
TX-101262,CLM-50633,Loss Payment,1104.4,2026-03-18
TX-101263,CLM-50633,Reserve Increase,2515.5,2026-03-15
TX-101264,CLM-50634,Reserve Increase,13273.48,2026-03-22
TX-101265,CLM-50634,Reserve Increase,409.12,2026-03-17
TX-101266,CLM-50634,Expense Payment,263.14,2026-03-24
TX-101267,CLM-50635,Reserve Increase,4725.1,2026-04-21
TX-101268,CLM-50635,Expense Payment,750.73,2026-04-19
TX-101269,CLM-50635,Reserve Increase,9695.67,2026-04-08
TX-101270,CLM-50636,Reserve Increase,2455.84,2025-07-05
TX-101271,CLM-50637,Loss Payment,4091.48,2025-07-24
TX-101272,CLM-50637,Loss Payment,11993.89,2025-08-08
TX-101273,CLM-50638,Expense Payment,297.62,2025-07-02
TX-101274,CLM-50638,Reserve Increase,4303.12,2025-07-03
TX-101275,CLM-50638,Reserve Increase,13656.6,2025-06-20
TX-101276,CLM-50639,Loss Payment,11793.8,2025-12-14
TX-101277,CLM-50640,Reserve Increase,2368.08,2025-08-02
TX-101278,CLM-50641,Loss Payment,4985.4,2025-07-11
TX-101279,CLM-50641,Loss Payment,7773.24,2025-07-24
TX-101280,CLM-50642,Reserve Increase,7181.0,2025-11-07
TX-101281,CLM-50642,Reserve Increase,11448.11,2025-11-05
TX-101282,CLM-50643,Expense Payment,332.98,2025-06-18
TX-101283,CLM-50643,Reserve Increase,7222.27,2025-06-15
TX-101284,CLM-50643,Reserve Increase,4891.18,2025-06-08
TX-101285,CLM-50644,Loss Payment,14339.33,2025-07-26
TX-101286,CLM-50644,Reserve Increase,2314.68,2025-07-31
TX-101287,CLM-50644,Reserve Increase,6736.37,2025-07-26
TX-101288,CLM-50645,Loss Payment,8457.0,2025-09-16
TX-101289,CLM-50645,Reserve Increase,5353.07,2025-09-03
TX-101290,CLM-50645,Expense Payment,691.53,2025-09-14
TX-101291,CLM-50646,Expense Payment,210.33,2025-09-30
TX-101292,CLM-50646,Loss Payment,5860.37,2025-09-18
TX-101293,CLM-50646,Reserve Increase,14932.49,2025-09-19
TX-101294,CLM-50647,Expense Payment,444.5,2025-02-06
TX-101295,CLM-50647,Reserve Increase,4793.78,2025-02-09
TX-101296,CLM-50648,Expense Payment,427.1,2025-09-15
TX-101297,CLM-50648,Reserve Increase,4240.81,2025-09-23
TX-101298,CLM-50649,Expense Payment,348.72,2025-01-19
TX-101299,CLM-50649,Expense Payment,518.95,2025-01-29
TX-101300,CLM-50649,Loss Payment,12975.14,2025-01-26
TX-101301,CLM-50650,Reserve Increase,6926.31,2025-07-03
TX-101302,CLM-50650,Expense Payment,612.45,2025-07-15
TX-101303,CLM-50650,Loss Payment,765.27,2025-06-28
TX-101304,CLM-50651,Reserve Increase,2467.24,2025-10-08
TX-101305,CLM-50651,Loss Payment,1425.8,2025-10-06
TX-101306,CLM-50651,Loss Payment,6761.99,2025-10-04
TX-101307,CLM-50652,Loss Payment,12896.78,2025-11-18
TX-101308,CLM-50652,Loss Payment,9895.56,2025-11-10
TX-101309,CLM-50653,Reserve Increase,12753.8,2026-03-24
TX-101310,CLM-50653,Reserve Increase,2704.36,2026-04-01
TX-101311,CLM-50654,Expense Payment,437.26,2025-08-16
TX-101312,CLM-50654,Expense Payment,678.29,2025-08-05
TX-101313,CLM-50654,Loss Payment,3055.51,2025-08-20
TX-101314,CLM-50655,Reserve Increase,4146.21,2025-06-09
TX-101315,CLM-50656,Loss Payment,4277.78,2025-11-11
TX-101316,CLM-50656,Reserve Increase,7680.89,2025-11-10
TX-101317,CLM-50657,Reserve Increase,12663.44,2025-10-22
TX-101318,CLM-50657,Expense Payment,255.32,2025-11-02
TX-101319,CLM-50657,Loss Payment,5253.5,2025-11-09
TX-101320,CLM-50658,Loss Payment,8579.6,2025-04-21
TX-101321,CLM-50658,Loss Payment,1920.67,2025-04-09
TX-101322,CLM-50658,Loss Payment,10997.35,2025-04-12
TX-101323,CLM-50659,Reserve Increase,9474.05,2026-04-23
TX-101324,CLM-50659,Loss Payment,11873.3,2026-04-29
TX-101325,CLM-50660,Expense Payment,395.26,2025-07-23
TX-101326,CLM-50660,Expense Payment,677.98,2025-07-22
TX-101327,CLM-50660,Reserve Increase,11386.32,2025-07-20
TX-101328,CLM-50661,Loss Payment,5813.79,2025-12-16
TX-101329,CLM-50661,Loss Payment,4328.66,2025-12-25
TX-101330,CLM-50662,Expense Payment,219.47,2025-09-17
TX-101331,CLM-50662,Expense Payment,712.68,2025-09-16
TX-101332,CLM-50663,Expense Payment,573.17,2025-10-07
TX-101333,CLM-50663,Loss Payment,7450.31,2025-10-17
TX-101334,CLM-50664,Expense Payment,629.28,2025-06-19
TX-101335,CLM-50664,Expense Payment,672.13,2025-06-08
TX-101336,CLM-50665,Reserve Increase,5908.07,2025-03-09
TX-101337,CLM-50666,Loss Payment,14907.58,2026-05-03
TX-101338,CLM-50666,Expense Payment,534.51,2026-04-29
TX-101339,CLM-50666,Loss Payment,5264.28,2026-05-06
TX-101340,CLM-50667,Reserve Increase,11955.57,2025-09-23
TX-101341,CLM-50667,Reserve Increase,11646.45,2025-09-29
TX-101342,CLM-50667,Loss Payment,7121.79,2025-09-22
TX-101343,CLM-50668,Reserve Increase,9943.32,2025-07-24
TX-101344,CLM-50669,Loss Payment,7115.25,2025-07-13
TX-101345,CLM-50669,Expense Payment,472.83,2025-07-21
TX-101346,CLM-50670,Expense Payment,575.97,2026-02-26
TX-101347,CLM-50671,Loss Payment,6436.83,2025-07-15
TX-101348,CLM-50672,Reserve Increase,13564.1,2026-04-28
TX-101349,CLM-50672,Expense Payment,279.71,2026-05-07
TX-101350,CLM-50673,Loss Payment,11330.27,2025-08-14
TX-101351,CLM-50673,Reserve Increase,6955.4,2025-08-18
TX-101352,CLM-50673,Reserve Increase,6637.53,2025-08-12
TX-101353,CLM-50674,Loss Payment,3938.11,2026-04-21
TX-101354,CLM-50674,Reserve Increase,5200.6,2026-04-22
TX-101355,CLM-50675,Loss Payment,14567.33,2025-11-12
TX-101356,CLM-50675,Reserve Increase,1796.26,2025-11-18
TX-101357,CLM-50676,Reserve Increase,6131.1,2025-06-13
TX-101358,CLM-50676,Loss Payment,7780.62,2025-06-22
TX-101359,CLM-50677,Reserve Increase,14154.13,2025-05-26
TX-101360,CLM-50677,Reserve Increase,11327.38,2025-05-24
TX-101361,CLM-50677,Reserve Increase,5130.58,2025-05-21
TX-101362,CLM-50678,Expense Payment,644.65,2024-12-13
TX-101363,CLM-50679,Expense Payment,347.0,2025-06-16
TX-101364,CLM-50679,Loss Payment,9947.41,2025-06-08
TX-101365,CLM-50680,Expense Payment,280.65,2024-10-11
TX-101366,CLM-50681,Loss Payment,6660.92,2025-06-12
TX-101367,CLM-50682,Reserve Increase,8419.15,2026-04-20
TX-101368,CLM-50683,Expense Payment,169.5,2025-02-25
TX-101369,CLM-50684,Reserve Increase,10364.44,2025-09-12
TX-101370,CLM-50684,Expense Payment,551.33,2025-09-20
TX-101371,CLM-50685,Loss Payment,11493.23,2026-02-05
TX-101372,CLM-50685,Expense Payment,146.38,2026-02-06
TX-101373,CLM-50685,Expense Payment,629.95,2026-02-11
TX-101374,CLM-50686,Reserve Increase,13115.72,2025-08-03
TX-101375,CLM-50686,Expense Payment,450.59,2025-07-26
TX-101376,CLM-50686,Expense Payment,552.41,2025-08-02
TX-101377,CLM-50687,Loss Payment,13306.7,2026-04-15
TX-101378,CLM-50688,Expense Payment,321.71,2025-12-04
TX-101379,CLM-50689,Reserve Increase,9067.72,2025-08-19
TX-101380,CLM-50690,Reserve Increase,3605.09,2025-04-25
TX-101381,CLM-50691,Loss Payment,3326.24,2026-05-05
TX-101382,CLM-50692,Expense Payment,338.05,2025-12-10
TX-101383,CLM-50693,Loss Payment,4417.47,2024-12-09
TX-101384,CLM-50693,Reserve Increase,12354.87,2024-11-28
TX-101385,CLM-50694,Expense Payment,184.64,2025-08-07
TX-101386,CLM-50694,Reserve Increase,7856.76,2025-07-29
TX-101387,CLM-50695,Loss Payment,5325.05,2025-05-14
TX-101388,CLM-50695,Reserve Increase,12964.5,2025-05-11
TX-101389,CLM-50696,Expense Payment,146.55,2024-11-04
TX-101390,CLM-50697,Reserve Increase,6929.44,2025-09-13
TX-101391,CLM-50697,Reserve Increase,14406.83,2025-09-10
TX-101392,CLM-50698,Loss Payment,4683.73,2025-10-03
TX-101393,CLM-50698,Reserve Increase,9584.93,2025-10-14
TX-101394,CLM-50699,Reserve Increase,5717.81,2025-03-10
TX-101395,CLM-50699,Reserve Increase,5158.94,2025-03-12
TX-101396,CLM-50700,Loss Payment,11825.32,2026-01-20
TX-101397,CLM-50700,Reserve Increase,11442.24,2026-01-09
TX-101398,CLM-50701,Loss Payment,5189.31,2025-06-23
TX-101399,CLM-50702,Loss Payment,7820.47,2025-11-05
TX-101400,CLM-50702,Reserve Increase,13108.64,2025-10-30
TX-101401,CLM-50703,Expense Payment,261.29,2025-11-26
TX-101402,CLM-50704,Expense Payment,325.33,2025-12-17
TX-101403,CLM-50704,Reserve Increase,5665.59,2025-12-11
TX-101404,CLM-50705,Reserve Increase,4582.94,2025-03-13
TX-101405,CLM-50705,Reserve Increase,4155.09,2025-03-22
TX-101406,CLM-50706,Expense Payment,63.14,2026-01-14
TX-101407,CLM-50706,Expense Payment,526.99,2026-01-23
TX-101408,CLM-50707,Expense Payment,598.93,2026-01-06
TX-101409,CLM-50708,Expense Payment,236.47,2025-01-31
TX-101410,CLM-50708,Reserve Increase,1599.67,2025-02-02
TX-101411,CLM-50708,Reserve Increase,7503.06,2025-02-06
TX-101412,CLM-50709,Expense Payment,566.74,2025-07-28
TX-101413,CLM-50709,Reserve Increase,12343.19,2025-08-08
TX-101414,CLM-50710,Loss Payment,1332.73,2025-09-04
TX-101415,CLM-50710,Loss Payment,2371.91,2025-08-27
TX-101416,CLM-50711,Reserve Increase,14707.94,2025-04-03
TX-101417,CLM-50711,Expense Payment,745.58,2025-04-10
TX-101418,CLM-50712,Expense Payment,66.79,2026-02-09
TX-101419,CLM-50712,Reserve Increase,9862.85,2026-02-03
TX-101420,CLM-50713,Loss Payment,11945.94,2025-09-24
TX-101421,CLM-50713,Expense Payment,796.19,2025-09-25
TX-101422,CLM-50714,Reserve Increase,12842.81,2026-01-05
TX-101423,CLM-50714,Reserve Increase,12024.52,2026-01-09
TX-101424,CLM-50714,Reserve Increase,7199.19,2026-01-11
TX-101425,CLM-50715,Reserve Increase,10395.18,2025-08-20
TX-101426,CLM-50715,Expense Payment,426.17,2025-08-16
TX-101427,CLM-50716,Expense Payment,732.31,2026-01-19
TX-101428,CLM-50716,Expense Payment,53.79,2026-01-16
TX-101429,CLM-50716,Loss Payment,11774.35,2026-01-14
TX-101430,CLM-50717,Expense Payment,396.83,2026-02-03
TX-101431,CLM-50717,Loss Payment,3475.59,2026-01-24
TX-101432,CLM-50718,Expense Payment,215.79,2025-11-01
TX-101433,CLM-50718,Expense Payment,596.12,2025-11-01
TX-101434,CLM-50718,Expense Payment,490.94,2025-11-01
TX-101435,CLM-50719,Reserve Increase,5957.78,2025-12-10
TX-101436,CLM-50719,Loss Payment,5275.67,2025-12-03
TX-101437,CLM-50720,Expense Payment,163.83,2026-03-30
TX-101438,CLM-50720,Loss Payment,8077.16,2026-03-20
TX-101439,CLM-50721,Expense Payment,241.77,2025-04-25
TX-101440,CLM-50721,Reserve Increase,12813.92,2025-04-26
TX-101441,CLM-50721,Reserve Increase,7400.77,2025-05-05
TX-101442,CLM-50722,Loss Payment,11270.56,2024-12-05
TX-101443,CLM-50723,Expense Payment,268.87,2026-01-21
TX-101444,CLM-50723,Expense Payment,555.88,2026-01-11
TX-101445,CLM-50724,Reserve Increase,8857.07,2025-09-06
TX-101446,CLM-50725,Reserve Increase,6586.66,2025-08-13
TX-101447,CLM-50725,Expense Payment,467.33,2025-08-28
TX-101448,CLM-50726,Expense Payment,740.88,2025-08-30
TX-101449,CLM-50727,Reserve Increase,14242.52,2025-05-29
TX-101450,CLM-50727,Loss Payment,6057.1,2025-06-01
TX-101451,CLM-50728,Reserve Increase,4482.36,2025-08-12
TX-101452,CLM-50729,Expense Payment,462.55,2025-05-15
TX-101453,CLM-50729,Loss Payment,6389.06,2025-05-23
TX-101454,CLM-50729,Expense Payment,289.55,2025-05-15
TX-101455,CLM-50730,Loss Payment,10030.67,2025-09-29
TX-101456,CLM-50730,Reserve Increase,8127.28,2025-10-01
TX-101457,CLM-50730,Loss Payment,12914.04,2025-10-04
TX-101458,CLM-50731,Expense Payment,669.6,2025-10-04
TX-101459,CLM-50731,Loss Payment,13873.88,2025-09-25
TX-101460,CLM-50732,Expense Payment,52.5,2025-05-09
TX-101461,CLM-50732,Expense Payment,542.14,2025-05-02
TX-101462,CLM-50733,Reserve Increase,9865.94,2025-07-09
TX-101463,CLM-50733,Expense Payment,191.66,2025-06-26
TX-101464,CLM-50734,Loss Payment,2250.87,2025-06-06
TX-101465,CLM-50734,Reserve Increase,14983.87,2025-06-06
TX-101466,CLM-50734,Reserve Increase,11035.79,2025-05-18
TX-101467,CLM-50735,Reserve Increase,3899.12,2025-12-02
TX-101468,CLM-50735,Reserve Increase,7184.32,2025-11-16
TX-101469,CLM-50736,Loss Payment,11195.89,2024-12-07
TX-101470,CLM-50736,Reserve Increase,7767.76,2024-12-01
TX-101471,CLM-50737,Expense Payment,326.8,2025-10-23
TX-101472,CLM-50738,Expense Payment,752.86,2025-02-21
TX-101473,CLM-50739,Loss Payment,4536.13,2025-01-09
TX-101474,CLM-50739,Loss Payment,8748.51,2025-01-23
TX-101475,CLM-50740,Reserve Increase,9128.09,2025-11-30
TX-101476,CLM-50741,Expense Payment,425.16,2025-09-01
TX-101477,CLM-50742,Expense Payment,704.06,2025-06-06
TX-101478,CLM-50742,Loss Payment,7040.74,2025-06-03
TX-101479,CLM-50742,Loss Payment,11279.41,2025-06-14
TX-101480,CLM-50743,Expense Payment,696.63,2025-09-14
TX-101481,CLM-50743,Expense Payment,768.18,2025-09-29
TX-101482,CLM-50743,Loss Payment,10793.76,2025-10-01
TX-101483,CLM-50744,Reserve Increase,10778.51,2025-07-14
TX-101484,CLM-50744,Expense Payment,670.82,2025-07-01
TX-101485,CLM-50744,Expense Payment,658.75,2025-07-01
TX-101486,CLM-50745,Expense Payment,587.47,2026-06-11
TX-101487,CLM-50745,Reserve Increase,9814.52,2026-06-08
TX-101488,CLM-50746,Loss Payment,2360.56,2026-05-19
TX-101489,CLM-50747,Loss Payment,10885.51,2025-07-21
TX-101490,CLM-50747,Expense Payment,542.4,2025-07-14
TX-101491,CLM-50747,Loss Payment,11974.19,2025-07-16
TX-101492,CLM-50748,Loss Payment,5084.38,2025-01-06
TX-101493,CLM-50748,Expense Payment,724.4,2025-01-19
TX-101494,CLM-50749,Expense Payment,306.83,2025-06-17
TX-101495,CLM-50750,Expense Payment,574.67,2025-06-27
TX-101496,CLM-50750,Expense Payment,495.82,2025-06-13
TX-101497,CLM-50751,Reserve Increase,4468.77,2025-03-27
TX-101498,CLM-50752,Reserve Increase,5568.32,2025-10-23
TX-101499,CLM-50752,Expense Payment,758.59,2025-10-19
TX-101500,CLM-50753,Reserve Increase,4710.17,2025-07-30
TX-101501,CLM-50753,Reserve Increase,4564.22,2025-07-20
TX-101502,CLM-50753,Loss Payment,9190.25,2025-07-28
TX-101503,CLM-50754,Reserve Increase,3573.19,2025-02-14
TX-101504,CLM-50754,Reserve Increase,4683.76,2025-02-26
TX-101505,CLM-50755,Expense Payment,323.12,2025-09-10
TX-101506,CLM-50756,Reserve Increase,6206.5,2025-09-20
TX-101507,CLM-50756,Loss Payment,14591.57,2025-09-05
TX-101508,CLM-50756,Reserve Increase,12818.63,2025-09-11
TX-101509,CLM-50757,Expense Payment,333.48,2025-09-19
TX-101510,CLM-50757,Reserve Increase,2702.99,2025-09-20
TX-101511,CLM-50757,Expense Payment,181.54,2025-09-16
TX-101512,CLM-50758,Reserve Increase,14214.83,2025-04-07
TX-101513,CLM-50759,Expense Payment,204.82,2025-08-16
TX-101514,CLM-50760,Reserve Increase,11714.61,2026-03-25
TX-101515,CLM-50760,Reserve Increase,3114.74,2026-04-06
TX-101516,CLM-50761,Reserve Increase,13708.0,2025-06-14
TX-101517,CLM-50761,Reserve Increase,12717.04,2025-06-30
TX-101518,CLM-50762,Reserve Increase,3197.44,2025-08-03
TX-101519,CLM-50763,Reserve Increase,1662.83,2025-10-28
TX-101520,CLM-50763,Reserve Increase,1194.53,2025-11-04
TX-101521,CLM-50764,Reserve Increase,8158.39,2025-10-15
TX-101522,CLM-50764,Loss Payment,6810.17,2025-10-29
TX-101523,CLM-50764,Loss Payment,3821.45,2025-10-18
TX-101524,CLM-50765,Reserve Increase,12891.33,2025-09-08
TX-101525,CLM-50765,Reserve Increase,10817.23,2025-09-06
TX-101526,CLM-50765,Loss Payment,14694.79,2025-09-09
TX-101527,CLM-50766,Expense Payment,118.52,2025-04-02
TX-101528,CLM-50766,Reserve Increase,12494.25,2025-03-29
TX-101529,CLM-50766,Loss Payment,7933.85,2025-03-28
TX-101530,CLM-50767,Loss Payment,3810.32,2025-11-24
TX-101531,CLM-50768,Expense Payment,123.7,2025-11-05
TX-101532,CLM-50768,Expense Payment,642.51,2025-11-06
TX-101533,CLM-50769,Expense Payment,137.3,2025-09-06
TX-101534,CLM-50770,Loss Payment,1678.16,2025-03-21
TX-101535,CLM-50770,Loss Payment,9054.75,2025-03-12
TX-101536,CLM-50771,Loss Payment,8809.36,2025-10-11
TX-101537,CLM-50771,Reserve Increase,13320.46,2025-10-14
TX-101538,CLM-50771,Reserve Increase,12125.33,2025-10-27
TX-101539,CLM-50772,Loss Payment,3925.87,2025-06-21
TX-101540,CLM-50772,Reserve Increase,4207.0,2025-06-13
TX-101541,CLM-50773,Reserve Increase,7352.54,2024-12-15
TX-101542,CLM-50773,Reserve Increase,4634.63,2024-12-23
TX-101543,CLM-50774,Expense Payment,256.47,2025-12-31
TX-101544,CLM-50775,Expense Payment,519.44,2025-10-10
TX-101545,CLM-50775,Loss Payment,7416.19,2025-10-17
TX-101546,CLM-50775,Reserve Increase,7163.49,2025-10-12
TX-101547,CLM-50776,Loss Payment,11454.48,2026-04-26
TX-101548,CLM-50777,Expense Payment,306.82,2025-10-22
TX-101549,CLM-50778,Loss Payment,11726.12,2025-05-17
TX-101550,CLM-50779,Expense Payment,426.33,2026-02-01
TX-101551,CLM-50780,Expense Payment,127.19,2025-12-05
TX-101552,CLM-50780,Reserve Increase,3312.32,2025-11-30
TX-101553,CLM-50780,Expense Payment,167.29,2025-12-08
TX-101554,CLM-50781,Loss Payment,9229.82,2026-06-19
TX-101555,CLM-50782,Reserve Increase,14721.09,2026-04-03
TX-101556,CLM-50782,Expense Payment,634.82,2026-03-23
TX-101557,CLM-50783,Expense Payment,403.99,2025-09-07
TX-101558,CLM-50784,Loss Payment,4732.24,2026-04-21
TX-101559,CLM-50784,Reserve Increase,4867.13,2026-04-19
TX-101560,CLM-50785,Reserve Increase,6024.42,2025-02-06
TX-101561,CLM-50785,Loss Payment,11480.9,2025-02-05
TX-101562,CLM-50786,Expense Payment,315.21,2025-09-06
TX-101563,CLM-50787,Expense Payment,64.61,2026-03-22
TX-101564,CLM-50787,Loss Payment,9998.41,2026-03-24
TX-101565,CLM-50788,Expense Payment,67.76,2025-04-08
TX-101566,CLM-50788,Expense Payment,294.26,2025-04-12
TX-101567,CLM-50789,Loss Payment,12002.62,2025-08-20
TX-101568,CLM-50789,Reserve Increase,6713.53,2025-08-09
TX-101569,CLM-50789,Loss Payment,1301.52,2025-08-06
TX-101570,CLM-50790,Reserve Increase,7299.3,2025-10-18
TX-101571,CLM-50790,Expense Payment,764.03,2025-10-01
TX-101572,CLM-50791,Expense Payment,565.85,2025-03-08
TX-101573,CLM-50791,Loss Payment,4346.11,2025-03-12
TX-101574,CLM-50791,Reserve Increase,5750.28,2025-02-24
TX-101575,CLM-50792,Reserve Increase,5271.84,2025-10-13
TX-101576,CLM-50793,Expense Payment,742.7,2026-03-02
TX-101577,CLM-50793,Expense Payment,150.71,2026-03-01
TX-101578,CLM-50794,Reserve Increase,6323.91,2026-04-05
TX-101579,CLM-50794,Loss Payment,8929.16,2026-04-19
TX-101580,CLM-50795,Reserve Increase,1502.48,2025-11-10
TX-101581,CLM-50796,Reserve Increase,8289.46,2025-01-16
TX-101582,CLM-50796,Reserve Increase,8059.21,2025-01-17
TX-101583,CLM-50797,Loss Payment,2278.92,2025-09-05
TX-101584,CLM-50797,Reserve Increase,10728.76,2025-09-13
TX-101585,CLM-50797,Expense Payment,728.83,2025-09-17
TX-101586,CLM-50798,Loss Payment,2925.27,2025-08-24
TX-101587,CLM-50798,Loss Payment,7019.89,2025-08-20
TX-101588,CLM-50798,Loss Payment,10229.5,2025-08-18
TX-101589,CLM-50799,Reserve Increase,11265.22,2025-05-29
TX-101590,CLM-50799,Loss Payment,1964.02,2025-06-11
TX-101591,CLM-50800,Expense Payment,654.55,2026-02-25
TX-101592,CLM-50800,Reserve Increase,1092.24,2026-03-12
TX-101593,CLM-50801,Loss Payment,8572.58,2025-09-16
TX-101594,CLM-50801,Reserve Increase,13121.6,2025-09-25
TX-101595,CLM-50802,Expense Payment,261.98,2026-03-16
TX-101596,CLM-50802,Reserve Increase,1193.22,2026-03-08
TX-101597,CLM-50802,Reserve Increase,1563.72,2026-03-23
TX-101598,CLM-50803,Reserve Increase,2541.71,2025-01-09
TX-101599,CLM-50804,Reserve Increase,13852.95,2025-10-04
TX-101600,CLM-50805,Loss Payment,11328.23,2025-08-26
TX-101601,CLM-50805,Expense Payment,399.29,2025-08-17
TX-101602,CLM-50805,Reserve Increase,5090.36,2025-08-18
TX-101603,CLM-50806,Reserve Increase,5229.18,2025-02-07
TX-101604,CLM-50806,Reserve Increase,11143.99,2025-02-04
TX-101605,CLM-50806,Loss Payment,6141.7,2025-01-31
TX-101606,CLM-50807,Reserve Increase,12457.7,2026-01-06
TX-101607,CLM-50808,Loss Payment,4971.29,2025-03-19
TX-101608,CLM-50809,Loss Payment,8848.77,2025-06-30
TX-101609,CLM-50809,Reserve Increase,6974.75,2025-06-26
TX-101610,CLM-50810,Expense Payment,719.93,2026-03-04
TX-101611,CLM-50810,Loss Payment,2994.94,2026-02-18
TX-101612,CLM-50810,Loss Payment,4765.53,2026-02-17
TX-101613,CLM-50811,Reserve Increase,9108.44,2025-08-19
TX-101614,CLM-50812,Reserve Increase,5358.09,2026-04-23
TX-101615,CLM-50813,Expense Payment,746.35,2025-10-30
TX-101616,CLM-50813,Loss Payment,4683.36,2025-11-06
TX-101617,CLM-50814,Loss Payment,14057.27,2025-12-28
TX-101618,CLM-50814,Expense Payment,70.47,2026-01-05
TX-101619,CLM-50815,Expense Payment,69.07,2025-05-31
TX-101620,CLM-50816,Loss Payment,6812.82,2026-04-12
TX-101621,CLM-50816,Loss Payment,3243.36,2026-04-12
TX-101622,CLM-50817,Loss Payment,1574.21,2025-01-11
TX-101623,CLM-50817,Reserve Increase,13716.59,2025-01-22
TX-101624,CLM-50817,Loss Payment,2610.67,2025-01-12
TX-101625,CLM-50818,Expense Payment,605.48,2025-05-27
TX-101626,CLM-50819,Expense Payment,361.35,2025-10-28
TX-101627,CLM-50819,Loss Payment,12036.91,2025-11-02
TX-101628,CLM-50819,Expense Payment,241.46,2025-10-25
TX-101629,CLM-50820,Loss Payment,307.38,2025-05-03
TX-101630,CLM-50820,Expense Payment,771.18,2025-04-23
TX-101631,CLM-50821,Expense Payment,759.3,2026-01-05
TX-101632,CLM-50821,Expense Payment,759.46,2026-01-12
TX-101633,CLM-50822,Reserve Increase,1449.88,2025-09-15
TX-101634,CLM-50823,Loss Payment,14279.38,2026-02-04
TX-101635,CLM-50823,Reserve Increase,9780.92,2026-02-06
TX-101636,CLM-50824,Loss Payment,12741.74,2026-01-06
TX-101637,CLM-50825,Loss Payment,2093.63,2026-03-12
TX-101638,CLM-50825,Loss Payment,10487.04,2026-03-09
TX-101639,CLM-50825,Loss Payment,9023.83,2026-03-14
TX-101640,CLM-50826,Reserve Increase,4537.65,2025-09-09
TX-101641,CLM-50826,Expense Payment,667.44,2025-09-03
TX-101642,CLM-50826,Loss Payment,2784.63,2025-09-06
TX-101643,CLM-50827,Reserve Increase,12179.38,2026-04-08
TX-101644,CLM-50828,Loss Payment,11841.04,2025-08-17
TX-101645,CLM-50828,Expense Payment,203.06,2025-08-29
TX-101646,CLM-50829,Expense Payment,731.74,2025-10-21
TX-101647,CLM-50829,Reserve Increase,4951.88,2025-10-13
TX-101648,CLM-50829,Expense Payment,71.37,2025-10-28
TX-101649,CLM-50830,Reserve Increase,13106.02,2026-05-17
TX-101650,CLM-50831,Reserve Increase,5780.14,2025-11-08
TX-101651,CLM-50832,Reserve Increase,2712.16,2025-11-19
TX-101652,CLM-50832,Loss Payment,5360.26,2025-11-23
TX-101653,CLM-50832,Loss Payment,6414.27,2025-11-18
TX-101654,CLM-50833,Expense Payment,398.32,2026-04-14
TX-101655,CLM-50834,Expense Payment,150.8,2026-06-02
TX-101656,CLM-50834,Reserve Increase,210.68,2026-05-29
TX-101657,CLM-50834,Expense Payment,724.66,2026-05-22
TX-101658,CLM-50835,Expense Payment,542.28,2025-08-18
TX-101659,CLM-50836,Reserve Increase,10801.47,2026-03-31
TX-101660,CLM-50836,Expense Payment,611.54,2026-04-03
TX-101661,CLM-50836,Loss Payment,2062.33,2026-04-01
TX-101662,CLM-50837,Loss Payment,3538.17,2025-08-09
TX-101663,CLM-50838,Loss Payment,10815.57,2025-07-10
TX-101664,CLM-50838,Reserve Increase,1757.38,2025-07-08
TX-101665,CLM-50838,Expense Payment,188.47,2025-07-10
TX-101666,CLM-50839,Reserve Increase,14614.56,2024-11-05
TX-101667,CLM-50839,Reserve Increase,7850.18,2024-10-26
TX-101668,CLM-50840,Expense Payment,366.52,2025-11-20
TX-101669,CLM-50841,Reserve Increase,14032.44,2025-07-05
TX-101670,CLM-50841,Reserve Increase,13609.02,2025-07-16
TX-101671,CLM-50841,Reserve Increase,910.67,2025-07-10
TX-101672,CLM-50842,Loss Payment,2315.73,2026-08-07
TX-101673,CLM-50843,Loss Payment,6072.1,2025-12-27
TX-101674,CLM-50844,Expense Payment,412.88,2025-05-31
TX-101675,CLM-50844,Loss Payment,9504.95,2025-06-07
TX-101676,CLM-50844,Expense Payment,389.08,2025-05-26
TX-101677,CLM-50845,Reserve Increase,4089.51,2026-04-04
TX-101678,CLM-50845,Loss Payment,11225.41,2026-04-06
TX-101679,CLM-50846,Expense Payment,797.51,2025-12-02
TX-101680,CLM-50846,Expense Payment,305.74,2025-12-12
TX-101681,CLM-50847,Expense Payment,547.44,2025-06-27
TX-101682,CLM-50847,Reserve Increase,4090.38,2025-06-28
TX-101683,CLM-50847,Expense Payment,531.72,2025-07-04
TX-101684,CLM-50848,Loss Payment,3561.45,2025-11-02
TX-101685,CLM-50849,Loss Payment,8346.88,2025-07-10
TX-101686,CLM-50850,Expense Payment,280.27,2024-12-01
TX-101687,CLM-50851,Loss Payment,14501.13,2025-08-26
TX-101688,CLM-50851,Loss Payment,6083.86,2025-08-26
TX-101689,CLM-50851,Loss Payment,2297.28,2025-08-17
TX-101690,CLM-50852,Loss Payment,11054.5,2025-05-20
TX-101691,CLM-50853,Reserve Increase,11743.08,2025-07-20
TX-101692,CLM-50853,Reserve Increase,7970.67,2025-07-19
TX-101693,CLM-50853,Expense Payment,454.59,2025-07-18
TX-101694,CLM-50854,Expense Payment,169.06,2025-11-08
TX-101695,CLM-50855,Reserve Increase,12912.32,2026-02-18
TX-101696,CLM-50855,Reserve Increase,2450.36,2026-03-02
TX-101697,CLM-50855,Expense Payment,693.72,2026-02-19
TX-101698,CLM-50856,Expense Payment,272.37,2025-11-13
TX-101699,CLM-50857,Expense Payment,401.0,2025-12-08
TX-101700,CLM-50857,Reserve Increase,14084.52,2025-12-04
TX-101701,CLM-50858,Expense Payment,581.26,2025-01-30
TX-101702,CLM-50859,Reserve Increase,9274.14,2025-07-09
TX-101703,CLM-50860,Expense Payment,155.23,2025-12-23
TX-101704,CLM-50861,Loss Payment,5990.33,2025-07-20
TX-101705,CLM-50862,Expense Payment,343.25,2025-05-21
TX-101706,CLM-50862,Loss Payment,12548.07,2025-05-17
TX-101707,CLM-50862,Loss Payment,14457.69,2025-05-23
TX-101708,CLM-50863,Expense Payment,142.6,2025-07-09
TX-101709,CLM-50864,Loss Payment,3246.3,2026-02-13
TX-101710,CLM-50864,Reserve Increase,4276.96,2026-02-19
TX-101711,CLM-50864,Loss Payment,9624.0,2026-02-25
TX-101712,CLM-50865,Reserve Increase,1718.66,2025-02-09
TX-101713,CLM-50865,Expense Payment,224.14,2025-02-04
TX-101714,CLM-50866,Loss Payment,8210.64,2025-01-22
TX-101715,CLM-50866,Expense Payment,165.26,2025-01-13
TX-101716,CLM-50867,Loss Payment,5846.23,2025-07-09
TX-101717,CLM-50867,Loss Payment,9478.1,2025-07-14
TX-101718,CLM-50868,Loss Payment,13168.39,2025-05-24
TX-101719,CLM-50868,Expense Payment,218.48,2025-05-12
TX-101720,CLM-50868,Loss Payment,14964.56,2025-05-28
TX-101721,CLM-50869,Expense Payment,230.97,2025-05-05
TX-101722,CLM-50869,Reserve Increase,14456.02,2025-05-03
TX-101723,CLM-50869,Loss Payment,9643.29,2025-04-28
TX-101724,CLM-50870,Reserve Increase,4282.81,2025-09-22
TX-101725,CLM-50870,Reserve Increase,7715.79,2025-09-27
TX-101726,CLM-50870,Reserve Increase,12577.18,2025-09-25
TX-101727,CLM-50871,Loss Payment,1696.74,2026-04-29
TX-101728,CLM-50872,Reserve Increase,7525.65,2025-12-18
TX-101729,CLM-50873,Reserve Increase,4133.16,2025-11-09
TX-101730,CLM-50873,Reserve Increase,9178.28,2025-11-12
TX-101731,CLM-50874,Reserve Increase,7880.71,2026-01-08
TX-101732,CLM-50874,Loss Payment,9104.6,2026-01-14
TX-101733,CLM-50875,Loss Payment,8719.26,2024-09-29
TX-101734,CLM-50875,Loss Payment,5538.37,2024-10-15
TX-101735,CLM-50875,Expense Payment,661.46,2024-09-27
TX-101736,CLM-50876,Reserve Increase,11864.42,2025-12-16
TX-101737,CLM-50876,Reserve Increase,12978.49,2025-12-03
TX-101738,CLM-50877,Reserve Increase,11216.92,2025-11-18
TX-101739,CLM-50877,Reserve Increase,13639.6,2025-11-11
TX-101740,CLM-50878,Loss Payment,557.34,2025-04-22
TX-101741,CLM-50878,Loss Payment,4525.7,2025-04-25
TX-101742,CLM-50878,Loss Payment,10990.05,2025-04-20
TX-101743,CLM-50879,Reserve Increase,5291.94,2025-09-11
TX-101744,CLM-50879,Expense Payment,384.51,2025-09-05
TX-101745,CLM-50880,Expense Payment,574.33,2025-12-15
TX-101746,CLM-50880,Loss Payment,3298.84,2025-12-24
TX-101747,CLM-50881,Expense Payment,605.53,2025-11-10
TX-101748,CLM-50881,Loss Payment,12701.85,2025-11-01
TX-101749,CLM-50881,Expense Payment,313.85,2025-11-16
TX-101750,CLM-50882,Loss Payment,4884.71,2025-06-24
TX-101751,CLM-50882,Loss Payment,13729.74,2025-06-17
TX-101752,CLM-50882,Reserve Increase,6209.77,2025-07-04
TX-101753,CLM-50883,Reserve Increase,2955.64,2025-11-15
TX-101754,CLM-50883,Loss Payment,4117.27,2025-11-18
TX-101755,CLM-50884,Expense Payment,654.42,2026-05-02
TX-101756,CLM-50884,Loss Payment,14397.76,2026-05-01
TX-101757,CLM-50885,Loss Payment,3008.89,2025-03-25
TX-101758,CLM-50886,Reserve Increase,9706.15,2025-05-10
TX-101759,CLM-50886,Reserve Increase,8166.16,2025-05-13
TX-101760,CLM-50886,Reserve Increase,10495.41,2025-05-07
TX-101761,CLM-50887,Loss Payment,10732.65,2026-04-04
TX-101762,CLM-50888,Loss Payment,10795.14,2025-05-22
TX-101763,CLM-50888,Expense Payment,347.57,2025-05-17
TX-101764,CLM-50889,Reserve Increase,12255.68,2026-02-19
TX-101765,CLM-50890,Reserve Increase,14567.03,2025-04-28
TX-101766,CLM-50890,Loss Payment,6749.53,2025-04-19
TX-101767,CLM-50890,Loss Payment,8310.21,2025-04-26
TX-101768,CLM-50891,Expense Payment,218.35,2025-10-01
TX-101769,CLM-50892,Loss Payment,6717.27,2025-02-13
TX-101770,CLM-50893,Loss Payment,4592.54,2026-03-18
TX-101771,CLM-50894,Expense Payment,678.45,2025-11-05
TX-101772,CLM-50894,Reserve Increase,8358.15,2025-11-10
TX-101773,CLM-50894,Loss Payment,6302.39,2025-11-08
TX-101774,CLM-50895,Expense Payment,520.44,2025-09-30
TX-101775,CLM-50895,Reserve Increase,4070.09,2025-09-29
TX-101776,CLM-50895,Expense Payment,373.49,2025-09-29
TX-101777,CLM-50896,Expense Payment,455.28,2025-10-12
TX-101778,CLM-50897,Loss Payment,4960.61,2026-01-25
TX-101779,CLM-50897,Reserve Increase,8768.59,2026-01-21
TX-101780,CLM-50897,Reserve Increase,10683.64,2026-02-04
TX-101781,CLM-50898,Loss Payment,12147.35,2026-02-20
TX-101782,CLM-50898,Loss Payment,10857.57,2026-02-18
TX-101783,CLM-50899,Expense Payment,251.85,2025-11-22
TX-101784,CLM-50900,Reserve Increase,6680.49,2025-09-18
TX-101785,CLM-50900,Expense Payment,98.49,2025-09-05
TX-101786,CLM-50901,Reserve Increase,6837.33,2025-10-19
TX-101787,CLM-50902,Expense Payment,700.68,2026-04-26
TX-101788,CLM-50902,Loss Payment,10293.7,2026-04-24
TX-101789,CLM-50903,Expense Payment,477.32,2026-06-21
TX-101790,CLM-50903,Reserve Increase,9046.53,2026-07-04
TX-101791,CLM-50903,Reserve Increase,11512.6,2026-06-25
TX-101792,CLM-50904,Loss Payment,9994.65,2024-10-11
TX-101793,CLM-50904,Reserve Increase,10518.65,2024-10-11
TX-101794,CLM-50905,Loss Payment,8633.89,2025-12-03
TX-101795,CLM-50905,Expense Payment,158.17,2025-12-04
TX-101796,CLM-50906,Reserve Increase,4853.99,2025-11-25
TX-101797,CLM-50906,Reserve Increase,983.97,2025-12-06
TX-101798,CLM-50906,Reserve Increase,1971.31,2025-11-27
TX-101799,CLM-50907,Loss Payment,8040.63,2025-06-26
TX-101800,CLM-50907,Reserve Increase,3080.36,2025-07-10
TX-101801,CLM-50907,Loss Payment,12568.94,2025-06-21
TX-101802,CLM-50908,Expense Payment,596.5,2025-12-24
TX-101803,CLM-50908,Loss Payment,1593.59,2025-12-26
TX-101804,CLM-50908,Reserve Increase,10573.74,2025-12-26
TX-101805,CLM-50909,Expense Payment,572.31,2025-01-24
TX-101806,CLM-50909,Expense Payment,187.24,2025-01-29
TX-101807,CLM-50910,Loss Payment,10667.49,2025-12-11
TX-101808,CLM-50910,Expense Payment,118.05,2025-12-11
TX-101809,CLM-50911,Loss Payment,3554.28,2025-11-23
TX-101810,CLM-50911,Expense Payment,388.8,2025-11-24
TX-101811,CLM-50912,Expense Payment,65.3,2025-05-05
TX-101812,CLM-50912,Loss Payment,14733.75,2025-04-17
TX-101813,CLM-50912,Reserve Increase,5722.58,2025-04-21
TX-101814,CLM-50913,Reserve Increase,386.16,2025-01-04
TX-101815,CLM-50914,Expense Payment,70.74,2025-08-07
TX-101816,CLM-50914,Reserve Increase,5747.57,2025-07-22
TX-101817,CLM-50915,Loss Payment,9619.93,2025-03-29
TX-101818,CLM-50916,Reserve Increase,3431.93,2024-12-11
TX-101819,CLM-50917,Reserve Increase,13706.7,2025-10-03
TX-101820,CLM-50918,Reserve Increase,2818.54,2025-05-13
TX-101821,CLM-50918,Reserve Increase,12720.4,2025-05-04
TX-101822,CLM-50919,Loss Payment,12252.55,2024-12-29
TX-101823,CLM-50919,Loss Payment,9406.82,2025-01-01
TX-101824,CLM-50919,Loss Payment,12146.63,2024-12-24
TX-101825,CLM-50920,Loss Payment,5366.0,2025-07-31
TX-101826,CLM-50920,Reserve Increase,7873.63,2025-07-29
TX-101827,CLM-50921,Loss Payment,9131.85,2025-07-05
TX-101828,CLM-50921,Expense Payment,753.36,2025-07-03
TX-101829,CLM-50922,Expense Payment,758.01,2025-04-22
TX-101830,CLM-50922,Loss Payment,5207.49,2025-04-16
TX-101831,CLM-50923,Loss Payment,14413.73,2025-11-18
TX-101832,CLM-50924,Expense Payment,81.19,2025-08-17
TX-101833,CLM-50925,Reserve Increase,10673.03,2025-06-06
TX-101834,CLM-50925,Loss Payment,12747.06,2025-05-21
TX-101835,CLM-50926,Reserve Increase,4944.19,2025-09-10
TX-101836,CLM-50926,Reserve Increase,8711.28,2025-09-11
TX-101837,CLM-50926,Reserve Increase,6033.94,2025-09-11
TX-101838,CLM-50927,Loss Payment,4381.91,2025-10-08
TX-101839,CLM-50927,Expense Payment,622.64,2025-10-13
TX-101840,CLM-50927,Reserve Increase,6509.52,2025-10-17
TX-101841,CLM-50928,Loss Payment,7458.89,2025-09-15
TX-101842,CLM-50928,Loss Payment,4958.41,2025-09-15
TX-101843,CLM-50929,Expense Payment,279.42,2025-04-23
TX-101844,CLM-50929,Reserve Increase,10543.74,2025-04-30
TX-101845,CLM-50929,Loss Payment,2983.57,2025-04-16
TX-101846,CLM-50930,Reserve Increase,11268.2,2025-12-04
TX-101847,CLM-50930,Reserve Increase,2765.71,2025-11-26
TX-101848,CLM-50931,Loss Payment,8107.52,2025-09-02
TX-101849,CLM-50931,Expense Payment,338.68,2025-09-12
TX-101850,CLM-50931,Reserve Increase,976.04,2025-09-14
TX-101851,CLM-50932,Reserve Increase,7954.97,2026-01-03
TX-101852,CLM-50932,Reserve Increase,5688.19,2025-12-30
TX-101853,CLM-50932,Loss Payment,1660.03,2026-01-03
TX-101854,CLM-50933,Reserve Increase,4940.6,2025-09-04
TX-101855,CLM-50934,Loss Payment,8652.95,2025-08-04
TX-101856,CLM-50934,Loss Payment,869.46,2025-07-28
TX-101857,CLM-50935,Reserve Increase,1921.7,2024-10-30
TX-101858,CLM-50936,Loss Payment,9961.99,2026-04-27
TX-101859,CLM-50937,Expense Payment,669.93,2026-04-24
TX-101860,CLM-50938,Loss Payment,2507.75,2025-01-12
TX-101861,CLM-50938,Loss Payment,9402.1,2025-01-01
TX-101862,CLM-50939,Reserve Increase,8643.99,2026-05-05
TX-101863,CLM-50939,Loss Payment,14116.04,2026-05-04
TX-101864,CLM-50940,Reserve Increase,351.37,2024-12-23
TX-101865,CLM-50940,Expense Payment,258.57,2024-12-16
TX-101866,CLM-50941,Expense Payment,500.1,2025-12-04
TX-101867,CLM-50941,Loss Payment,10500.83,2025-12-06
TX-101868,CLM-50942,Reserve Increase,10404.59,2025-10-19
TX-101869,CLM-50943,Loss Payment,1906.12,2026-02-28
TX-101870,CLM-50943,Loss Payment,2913.71,2026-02-23
TX-101871,CLM-50943,Loss Payment,14163.85,2026-02-21
TX-101872,CLM-50944,Reserve Increase,13973.17,2026-07-27
TX-101873,CLM-50944,Expense Payment,452.2,2026-07-24
TX-101874,CLM-50944,Reserve Increase,4070.19,2026-07-18
TX-101875,CLM-50945,Loss Payment,14263.09,2025-05-28
TX-101876,CLM-50945,Expense Payment,200.59,2025-05-27
TX-101877,CLM-50946,Expense Payment,409.11,2025-08-30
TX-101878,CLM-50947,Loss Payment,12529.8,2026-02-07
TX-101879,CLM-50948,Reserve Increase,12134.85,2025-11-20
TX-101880,CLM-50949,Reserve Increase,5689.35,2025-12-01
TX-101881,CLM-50949,Expense Payment,497.75,2025-11-28
TX-101882,CLM-50950,Reserve Increase,11548.49,2025-08-06
TX-101883,CLM-50950,Loss Payment,10928.67,2025-08-01
TX-101884,CLM-50950,Reserve Increase,410.32,2025-08-04
TX-101885,CLM-50951,Expense Payment,741.38,2025-02-11
TX-101886,CLM-50951,Expense Payment,200.49,2025-02-01
TX-101887,CLM-50952,Expense Payment,164.82,2026-04-08
TX-101888,CLM-50952,Reserve Increase,1142.01,2026-04-04
TX-101889,CLM-50953,Loss Payment,5171.15,2025-11-17
TX-101890,CLM-50953,Loss Payment,13095.79,2025-11-05
TX-101891,CLM-50953,Loss Payment,9104.57,2025-11-12
TX-101892,CLM-50954,Loss Payment,2321.78,2025-12-04
TX-101893,CLM-50954,Loss Payment,1848.21,2025-11-26
TX-101894,CLM-50954,Expense Payment,438.54,2025-11-24
TX-101895,CLM-50955,Reserve Increase,2714.75,2025-08-09
TX-101896,CLM-50955,Expense Payment,78.82,2025-08-02
TX-101897,CLM-50955,Reserve Increase,3658.2,2025-08-11
TX-101898,CLM-50956,Reserve Increase,1064.58,2025-07-25
TX-101899,CLM-50957,Loss Payment,12883.64,2025-07-10
TX-101900,CLM-50957,Reserve Increase,8274.62,2025-07-09
TX-101901,CLM-50957,Reserve Increase,12395.18,2025-07-24
TX-101902,CLM-50958,Reserve Increase,5913.61,2025-05-21
TX-101903,CLM-50958,Expense Payment,387.25,2025-05-09
TX-101904,CLM-50958,Reserve Increase,7460.32,2025-05-10
TX-101905,CLM-50959,Reserve Increase,6933.77,2025-12-07
TX-101906,CLM-50959,Expense Payment,452.34,2025-12-14
TX-101907,CLM-50960,Loss Payment,4445.58,2026-03-02
TX-101908,CLM-50961,Expense Payment,711.45,2025-02-18
TX-101909,CLM-50961,Reserve Increase,509.87,2025-02-16
TX-101910,CLM-50962,Loss Payment,7006.99,2024-09-22
TX-101911,CLM-50963,Expense Payment,143.77,2025-05-11
TX-101912,CLM-50964,Expense Payment,365.86,2025-03-02
TX-101913,CLM-50965,Reserve Increase,6894.21,2025-07-25
TX-101914,CLM-50965,Expense Payment,322.67,2025-07-23
TX-101915,CLM-50966,Expense Payment,149.84,2025-04-06
TX-101916,CLM-50966,Loss Payment,3840.91,2025-03-27
TX-101917,CLM-50966,Reserve Increase,3080.11,2025-04-09
TX-101918,CLM-50967,Expense Payment,461.15,2026-01-08
TX-101919,CLM-50967,Expense Payment,533.0,2026-01-01
TX-101920,CLM-50968,Loss Payment,7159.44,2026-05-02
TX-101921,CLM-50968,Reserve Increase,6894.33,2026-05-04
TX-101922,CLM-50969,Loss Payment,3151.26,2025-02-12
TX-101923,CLM-50969,Reserve Increase,13370.88,2025-02-14
TX-101924,CLM-50970,Expense Payment,185.24,2025-04-03
TX-101925,CLM-50970,Loss Payment,10470.75,2025-04-01
TX-101926,CLM-50970,Reserve Increase,10071.5,2025-03-28
TX-101927,CLM-50971,Reserve Increase,8537.79,2025-11-18
TX-101928,CLM-50971,Reserve Increase,6147.77,2025-11-20
TX-101929,CLM-50971,Loss Payment,6287.09,2025-11-28
TX-101930,CLM-50972,Reserve Increase,2132.22,2025-08-16
TX-101931,CLM-50973,Reserve Increase,14008.7,2025-10-31
TX-101932,CLM-50973,Reserve Increase,11082.7,2025-10-13
TX-101933,CLM-50974,Loss Payment,11847.04,2024-12-10
TX-101934,CLM-50974,Loss Payment,328.3,2024-12-09
TX-101935,CLM-50974,Expense Payment,689.45,2024-12-18
TX-101936,CLM-50975,Loss Payment,11205.05,2025-07-16
TX-101937,CLM-50975,Expense Payment,680.51,2025-07-21
TX-101938,CLM-50976,Expense Payment,487.59,2026-02-08
TX-101939,CLM-50976,Expense Payment,303.97,2026-01-30
TX-101940,CLM-50976,Expense Payment,277.43,2026-02-11
TX-101941,CLM-50977,Loss Payment,2616.2,2025-11-22
TX-101942,CLM-50978,Reserve Increase,6263.26,2026-03-29
TX-101943,CLM-50978,Reserve Increase,9504.5,2026-03-20
TX-101944,CLM-50978,Reserve Increase,12750.32,2026-03-19
TX-101945,CLM-50979,Reserve Increase,14191.95,2024-11-14
TX-101946,CLM-50980,Loss Payment,2206.86,2025-07-09
TX-101947,CLM-50981,Expense Payment,407.66,2025-07-15
TX-101948,CLM-50981,Reserve Increase,10384.2,2025-07-26
TX-101949,CLM-50982,Reserve Increase,8664.27,2025-07-02
TX-101950,CLM-50982,Loss Payment,14560.39,2025-07-06
TX-101951,CLM-50983,Expense Payment,790.86,2025-10-15
TX-101952,CLM-50983,Loss Payment,2823.08,2025-10-23
TX-101953,CLM-50984,Reserve Increase,6025.51,2025-11-19
TX-101954,CLM-50984,Loss Payment,14894.87,2025-11-21
TX-101955,CLM-50985,Expense Payment,269.26,2025-07-20
TX-101956,CLM-50985,Expense Payment,502.11,2025-08-02
TX-101957,CLM-50985,Loss Payment,9403.56,2025-08-05
TX-101958,CLM-50986,Loss Payment,5605.2,2025-07-18
TX-101959,CLM-50986,Loss Payment,7798.66,2025-07-26
TX-101960,CLM-50987,Expense Payment,288.93,2025-10-30
TX-101961,CLM-50988,Reserve Increase,3734.3,2025-10-24
TX-101962,CLM-50989,Expense Payment,797.12,2025-09-20
TX-101963,CLM-50989,Loss Payment,4237.98,2025-09-24
TX-101964,CLM-50990,Loss Payment,5127.2,2026-02-07
TX-101965,CLM-50990,Loss Payment,13106.19,2026-02-25
TX-101966,CLM-50990,Loss Payment,11072.69,2026-02-06
TX-101967,CLM-50991,Expense Payment,199.73,2025-05-25
TX-101968,CLM-50991,Expense Payment,341.3,2025-05-18
TX-101969,CLM-50992,Expense Payment,301.73,2025-04-04
TX-101970,CLM-50992,Expense Payment,355.4,2025-03-29
TX-101971,CLM-50992,Loss Payment,14155.01,2025-03-27
TX-101972,CLM-50993,Loss Payment,7434.69,2025-01-05
TX-101973,CLM-50993,Loss Payment,13717.69,2024-12-30
TX-101974,CLM-50993,Reserve Increase,13717.46,2025-01-13
TX-101975,CLM-50994,Loss Payment,12199.18,2026-06-21
TX-101976,CLM-50995,Loss Payment,2821.19,2025-09-22
TX-101977,CLM-50996,Reserve Increase,12061.56,2025-11-25
TX-101978,CLM-50997,Loss Payment,10901.99,2025-06-29
TX-101979,CLM-50998,Loss Payment,2512.41,2025-07-20
TX-101980,CLM-50998,Reserve Increase,13126.34,2025-07-09
TX-101981,CLM-50998,Reserve Increase,2005.28,2025-07-10
TX-101982,CLM-50999,Reserve Increase,13913.12,2025-04-09
TX-101983,CLM-51000,Reserve Increase,14280.6,2025-04-09
TX-101984,CLM-51001,Reserve Increase,3649.52,2025-08-19
TX-101985,CLM-51001,Reserve Increase,1375.3,2025-08-28
TX-101986,CLM-51002,Reserve Increase,3051.05,2025-10-12
TX-101987,CLM-51002,Reserve Increase,14821.36,2025-10-25
TX-101988,CLM-51002,Reserve Increase,2953.76,2025-10-15
TX-101989,CLM-51003,Reserve Increase,8958.82,2024-11-24
TX-101990,CLM-51003,Expense Payment,188.7,2024-11-23
TX-101991,CLM-51003,Loss Payment,2802.59,2024-11-29
TX-101992,CLM-51004,Loss Payment,13197.01,2025-10-30
TX-101993,CLM-51004,Loss Payment,10559.51,2025-10-14
TX-101994,CLM-51005,Loss Payment,12759.52,2024-10-25
TX-101995,CLM-51006,Expense Payment,526.47,2026-04-12
TX-101996,CLM-51007,Reserve Increase,6301.77,2025-08-28
TX-101997,CLM-51007,Loss Payment,6512.54,2025-08-30
TX-101998,CLM-51008,Loss Payment,8052.15,2026-04-12
TX-101999,CLM-51008,Expense Payment,615.72,2026-04-06
TX-102000,CLM-51008,Loss Payment,1129.19,2026-04-15
TX-102001,CLM-51009,Loss Payment,9373.71,2025-11-07
TX-102002,CLM-51009,Loss Payment,10175.72,2025-11-08
TX-102003,CLM-51009,Loss Payment,14662.08,2025-10-27
TX-102004,CLM-51010,Reserve Increase,11616.51,2025-03-23
TX-102005,CLM-51010,Reserve Increase,10280.0,2025-03-14
TX-102006,CLM-51011,Expense Payment,595.36,2025-10-06
TX-102007,CLM-51011,Expense Payment,318.58,2025-10-11
TX-102008,CLM-51011,Expense Payment,424.77,2025-10-11
TX-102009,CLM-51012,Reserve Increase,14986.64,2026-03-24
TX-102010,CLM-51012,Loss Payment,8890.99,2026-03-19
TX-102011,CLM-51013,Expense Payment,357.3,2026-04-27
TX-102012,CLM-51013,Expense Payment,742.58,2026-04-25
TX-102013,CLM-51013,Expense Payment,701.51,2026-04-27
TX-102014,CLM-51014,Loss Payment,2302.83,2025-10-28
TX-102015,CLM-51014,Expense Payment,762.23,2025-10-20
TX-102016,CLM-51015,Expense Payment,792.32,2025-11-07
TX-102017,CLM-51015,Expense Payment,324.28,2025-11-16
TX-102018,CLM-51016,Loss Payment,2435.37,2025-04-02
TX-102019,CLM-51016,Loss Payment,1603.72,2025-04-09
TX-102020,CLM-51016,Expense Payment,162.42,2025-04-07
TX-102021,CLM-51017,Loss Payment,7560.37,2025-06-12
TX-102022,CLM-51018,Reserve Increase,4309.51,2025-10-19
TX-102023,CLM-51018,Expense Payment,505.12,2025-10-28
TX-102024,CLM-51019,Expense Payment,760.5,2025-12-20
TX-102025,CLM-51019,Expense Payment,776.82,2025-12-16
TX-102026,CLM-51020,Loss Payment,1190.21,2026-02-26
TX-102027,CLM-51020,Reserve Increase,7255.16,2026-02-25
TX-102028,CLM-51021,Loss Payment,7877.69,2025-03-29
TX-102029,CLM-51022,Expense Payment,417.88,2025-07-25
TX-102030,CLM-51023,Loss Payment,5210.99,2025-08-10
TX-102031,CLM-51023,Reserve Increase,9353.51,2025-08-20
TX-102032,CLM-51023,Loss Payment,9066.91,2025-08-17
TX-102033,CLM-51024,Expense Payment,593.57,2026-01-12
TX-102034,CLM-51024,Expense Payment,474.0,2026-01-23
TX-102035,CLM-51025,Loss Payment,6816.76,2026-01-24
TX-102036,CLM-51026,Loss Payment,14179.74,2026-07-16
TX-102037,CLM-51027,Reserve Increase,13752.92,2025-07-18
TX-102038,CLM-51027,Expense Payment,466.25,2025-07-21
TX-102039,CLM-51028,Reserve Increase,3076.79,2026-04-18
TX-102040,CLM-51028,Expense Payment,636.2,2026-05-02
TX-102041,CLM-51029,Reserve Increase,8973.95,2026-02-19
TX-102042,CLM-51030,Expense Payment,472.47,2025-09-23
TX-102043,CLM-51031,Reserve Increase,13234.78,2025-01-23
TX-102044,CLM-51031,Loss Payment,9429.38,2025-01-13
TX-102045,CLM-51032,Expense Payment,397.02,2025-01-06
TX-102046,CLM-51032,Loss Payment,6852.38,2025-01-04
TX-102047,CLM-51032,Expense Payment,583.93,2025-01-09
TX-102048,CLM-51033,Expense Payment,234.94,2026-03-03
TX-102049,CLM-51034,Expense Payment,668.63,2026-07-31
TX-102050,CLM-51034,Reserve Increase,2362.58,2026-07-24
TX-102051,CLM-51035,Expense Payment,788.96,2026-03-24
TX-102052,CLM-51035,Reserve Increase,3160.86,2026-03-11
TX-102053,CLM-51036,Reserve Increase,1981.36,2025-05-28
TX-102054,CLM-51036,Reserve Increase,13294.62,2025-06-12
TX-102055,CLM-51036,Reserve Increase,4380.35,2025-06-08
TX-102056,CLM-51037,Reserve Increase,12315.08,2026-04-18
TX-102057,CLM-51037,Expense Payment,245.74,2026-04-22
TX-102058,CLM-51038,Loss Payment,626.55,2025-09-08
TX-102059,CLM-51038,Loss Payment,5655.75,2025-08-30
TX-102060,CLM-51039,Reserve Increase,5853.89,2025-08-31
TX-102061,CLM-51039,Reserve Increase,6773.26,2025-09-05
TX-102062,CLM-51040,Expense Payment,391.96,2025-06-02
TX-102063,CLM-51041,Reserve Increase,6909.34,2025-04-30
TX-102064,CLM-51041,Reserve Increase,2102.33,2025-04-25
TX-102065,CLM-51041,Loss Payment,975.87,2025-05-05
TX-102066,CLM-51042,Expense Payment,326.62,2025-07-30
TX-102067,CLM-51042,Reserve Increase,5750.43,2025-07-20
TX-102068,CLM-51042,Reserve Increase,6627.04,2025-07-30
TX-102069,CLM-51043,Loss Payment,5033.83,2024-12-22
TX-102070,CLM-51043,Reserve Increase,4387.05,2025-01-08
TX-102071,CLM-51044,Loss Payment,13272.24,2025-09-21
TX-102072,CLM-51044,Reserve Increase,10815.6,2025-09-24
TX-102073,CLM-51044,Expense Payment,97.91,2025-09-22
TX-102074,CLM-51045,Loss Payment,1713.35,2025-08-09
TX-102075,CLM-51046,Loss Payment,1559.52,2025-08-11
TX-102076,CLM-51046,Expense Payment,303.62,2025-08-13
TX-102077,CLM-51046,Expense Payment,613.14,2025-08-15
TX-102078,CLM-51047,Reserve Increase,1119.83,2025-04-04
TX-102079,CLM-51047,Reserve Increase,11887.98,2025-03-26
TX-102080,CLM-51048,Loss Payment,12252.59,2026-05-24
TX-102081,CLM-51048,Loss Payment,1905.69,2026-05-18
TX-102082,CLM-51048,Loss Payment,3741.13,2026-05-27
TX-102083,CLM-51049,Loss Payment,9714.96,2025-06-23
TX-102084,CLM-51050,Loss Payment,824.2,2026-01-14
TX-102085,CLM-51050,Loss Payment,14325.43,2026-01-11
TX-102086,CLM-51051,Expense Payment,292.21,2025-02-14
TX-102087,CLM-51051,Loss Payment,7751.65,2025-02-11
TX-102088,CLM-51051,Expense Payment,67.63,2025-02-15
TX-102089,CLM-51052,Loss Payment,793.92,2026-06-09
TX-102090,CLM-51052,Loss Payment,3290.78,2026-06-09
TX-102091,CLM-51052,Expense Payment,55.36,2026-05-24
TX-102092,CLM-51053,Expense Payment,431.86,2025-11-06
TX-102093,CLM-51053,Expense Payment,209.58,2025-11-18
TX-102094,CLM-51053,Loss Payment,13744.97,2025-11-20
TX-102095,CLM-51054,Expense Payment,467.2,2025-06-17
TX-102096,CLM-51054,Expense Payment,169.9,2025-06-07
TX-102097,CLM-51055,Expense Payment,300.86,2026-07-26
TX-102098,CLM-51055,Expense Payment,344.47,2026-07-25
TX-102099,CLM-51055,Expense Payment,71.61,2026-08-04
TX-102100,CLM-51056,Reserve Increase,7774.72,2026-01-29
TX-102101,CLM-51056,Loss Payment,2935.51,2026-01-18
TX-102102,CLM-51056,Expense Payment,653.48,2026-01-23
TX-102103,CLM-51057,Reserve Increase,11088.4,2025-03-20
TX-102104,CLM-51058,Reserve Increase,3372.27,2025-09-28
TX-102105,CLM-51058,Expense Payment,320.7,2025-09-11
TX-102106,CLM-51058,Reserve Increase,9466.54,2025-09-28
TX-102107,CLM-51059,Loss Payment,7764.27,2025-01-07
TX-102108,CLM-51059,Loss Payment,3403.07,2025-01-03
TX-102109,CLM-51060,Loss Payment,7593.97,2025-09-27
TX-102110,CLM-51060,Reserve Increase,5044.91,2025-09-27
TX-102111,CLM-51061,Loss Payment,13828.12,2025-07-14
TX-102112,CLM-51061,Reserve Increase,9031.76,2025-07-06
TX-102113,CLM-51061,Loss Payment,9322.28,2025-06-29
TX-102114,CLM-51062,Reserve Increase,940.41,2025-12-21
TX-102115,CLM-51063,Loss Payment,4691.01,2025-12-01
TX-102116,CLM-51063,Reserve Increase,8608.04,2025-11-24
TX-102117,CLM-51064,Loss Payment,5647.14,2025-05-17
TX-102118,CLM-51065,Reserve Increase,13171.38,2025-07-22
TX-102119,CLM-51065,Expense Payment,363.12,2025-07-20
TX-102120,CLM-51066,Loss Payment,13498.12,2025-09-08
TX-102121,CLM-51066,Loss Payment,4088.34,2025-09-05
TX-102122,CLM-51067,Reserve Increase,11215.06,2025-09-06
TX-102123,CLM-51068,Loss Payment,412.29,2026-02-04
TX-102124,CLM-51068,Reserve Increase,3675.08,2026-02-20
TX-102125,CLM-51069,Reserve Increase,4242.39,2025-08-07
TX-102126,CLM-51069,Reserve Increase,8535.81,2025-08-09
TX-102127,CLM-51069,Reserve Increase,10438.66,2025-08-13
TX-102128,CLM-51070,Expense Payment,558.51,2026-01-02
TX-102129,CLM-51071,Expense Payment,374.37,2025-08-01
TX-102130,CLM-51072,Loss Payment,14599.03,2025-09-21
TX-102131,CLM-51072,Loss Payment,9917.83,2025-09-11
TX-102132,CLM-51073,Expense Payment,589.15,2026-02-10
TX-102133,CLM-51073,Expense Payment,68.31,2026-02-12
TX-102134,CLM-51073,Loss Payment,3675.31,2026-02-18
TX-102135,CLM-51074,Reserve Increase,853.02,2025-06-19
TX-102136,CLM-51075,Reserve Increase,14291.77,2025-06-02
TX-102137,CLM-51075,Loss Payment,10790.43,2025-05-19
TX-102138,CLM-51076,Expense Payment,116.31,2025-06-30
TX-102139,CLM-51076,Expense Payment,665.54,2025-07-06
TX-102140,CLM-51077,Expense Payment,543.95,2025-09-16
TX-102141,CLM-51078,Reserve Increase,8203.35,2025-03-19
TX-102142,CLM-51078,Reserve Increase,9661.85,2025-03-22
TX-102143,CLM-51078,Loss Payment,8787.13,2025-03-20
TX-102144,CLM-51079,Expense Payment,625.48,2025-07-20
TX-102145,CLM-51079,Reserve Increase,11324.56,2025-07-31
TX-102146,CLM-51080,Reserve Increase,6235.82,2026-04-05
TX-102147,CLM-51080,Loss Payment,9111.85,2026-03-27
TX-102148,CLM-51080,Expense Payment,743.54,2026-04-06
TX-102149,CLM-51081,Reserve Increase,12954.64,2025-09-10
TX-102150,CLM-51081,Loss Payment,5283.12,2025-09-09
TX-102151,CLM-51082,Expense Payment,455.16,2025-04-02
TX-102152,CLM-51082,Reserve Increase,2264.92,2025-04-03
TX-102153,CLM-51082,Reserve Increase,6065.98,2025-04-10
TX-102154,CLM-51083,Reserve Increase,8251.15,2024-11-07
TX-102155,CLM-51084,Reserve Increase,259.8,2025-02-06
TX-102156,CLM-51085,Loss Payment,11147.73,2025-01-25
TX-102157,CLM-51085,Expense Payment,137.69,2025-01-26
TX-102158,CLM-51085,Reserve Increase,14066.54,2025-01-31
TX-102159,CLM-51086,Expense Payment,214.3,2026-02-03
TX-102160,CLM-51086,Reserve Increase,6238.38,2026-01-26
TX-102161,CLM-51086,Loss Payment,9678.95,2026-02-06
TX-102162,CLM-51087,Reserve Increase,13449.47,2025-11-06
TX-102163,CLM-51088,Loss Payment,13419.12,2025-11-25
TX-102164,CLM-51088,Loss Payment,7529.0,2025-11-11
TX-102165,CLM-51088,Reserve Increase,14261.64,2025-11-16
TX-102166,CLM-51089,Expense Payment,668.92,2025-08-10
TX-102167,CLM-51089,Reserve Increase,1629.49,2025-07-30
TX-102168,CLM-51090,Loss Payment,660.24,2025-03-12
TX-102169,CLM-51091,Loss Payment,12449.32,2025-07-06
TX-102170,CLM-51092,Expense Payment,389.45,2026-07-23
TX-102171,CLM-51093,Expense Payment,546.19,2026-03-22
TX-102172,CLM-51093,Reserve Increase,9043.9,2026-04-01
TX-102173,CLM-51094,Expense Payment,206.34,2025-06-03
TX-102174,CLM-51094,Reserve Increase,8927.42,2025-06-05
TX-102175,CLM-51095,Reserve Increase,8981.38,2025-09-18
TX-102176,CLM-51095,Loss Payment,7599.92,2025-09-14
TX-102177,CLM-51095,Loss Payment,3985.58,2025-09-18
TX-102178,CLM-51096,Reserve Increase,11592.85,2026-01-07
TX-102179,CLM-51096,Reserve Increase,8889.45,2026-01-05
TX-102180,CLM-51097,Expense Payment,795.98,2025-09-25
TX-102181,CLM-51097,Loss Payment,14448.97,2025-09-15
TX-102182,CLM-51097,Expense Payment,239.12,2025-09-15
TX-102183,CLM-51098,Loss Payment,10919.32,2026-03-07
TX-102184,CLM-51099,Expense Payment,611.79,2026-01-22
TX-102185,CLM-51099,Reserve Increase,14763.2,2026-01-16
TX-102186,CLM-51100,Expense Payment,464.47,2025-08-11
TX-102187,CLM-51100,Loss Payment,9283.02,2025-07-31
TX-102188,CLM-51101,Reserve Increase,2100.09,2025-06-21
TX-102189,CLM-51102,Expense Payment,101.82,2025-10-04
TX-102190,CLM-51102,Expense Payment,256.06,2025-10-17
TX-102191,CLM-51102,Expense Payment,650.98,2025-10-16
TX-102192,CLM-51103,Reserve Increase,920.98,2025-03-27
TX-102193,CLM-51103,Loss Payment,10533.61,2025-03-24
TX-102194,CLM-51103,Loss Payment,13553.47,2025-03-18
TX-102195,CLM-51104,Loss Payment,4496.24,2025-04-22
TX-102196,CLM-51105,Loss Payment,10364.75,2026-03-06
TX-102197,CLM-51105,Loss Payment,7335.76,2026-03-11
TX-102198,CLM-51106,Expense Payment,631.81,2026-07-29
TX-102199,CLM-51107,Loss Payment,4673.69,2025-11-10
TX-102200,CLM-51107,Expense Payment,699.17,2025-11-21
TX-102201,CLM-51108,Loss Payment,10764.65,2025-09-04
TX-102202,CLM-51108,Loss Payment,2633.61,2025-09-05
TX-102203,CLM-51109,Reserve Increase,8529.01,2025-08-11
TX-102204,CLM-51109,Expense Payment,325.01,2025-08-10
TX-102205,CLM-51109,Loss Payment,10684.45,2025-08-08
TX-102206,CLM-51110,Reserve Increase,1773.66,2025-12-08
TX-102207,CLM-51110,Loss Payment,4327.75,2025-12-10
TX-102208,CLM-51110,Reserve Increase,6449.38,2025-11-25
TX-102209,CLM-51111,Expense Payment,708.34,2025-11-04
TX-102210,CLM-51112,Expense Payment,430.34,2026-03-19
TX-102211,CLM-51112,Loss Payment,1990.96,2026-03-17
TX-102212,CLM-51113,Reserve Increase,2964.5,2025-04-04
TX-102213,CLM-51114,Reserve Increase,14948.5,2025-09-15
TX-102214,CLM-51114,Reserve Increase,4092.5,2025-09-06
TX-102215,CLM-51115,Loss Payment,8815.38,2025-03-28
TX-102216,CLM-51115,Reserve Increase,788.39,2025-03-31
TX-102217,CLM-51115,Loss Payment,4645.08,2025-04-06
TX-102218,CLM-51116,Expense Payment,95.0,2025-07-04
TX-102219,CLM-51117,Reserve Increase,10055.49,2026-04-13
TX-102220,CLM-51118,Loss Payment,4689.49,2025-12-03
TX-102221,CLM-51118,Expense Payment,740.55,2025-12-14
TX-102222,CLM-51118,Loss Payment,2992.27,2025-12-14
TX-102223,CLM-51119,Expense Payment,210.59,2025-09-01
TX-102224,CLM-51119,Expense Payment,464.77,2025-09-13
TX-102225,CLM-51120,Loss Payment,10072.82,2026-01-03
TX-102226,CLM-51121,Loss Payment,7269.79,2024-09-04
TX-102227,CLM-51122,Loss Payment,3856.6,2025-10-02
TX-102228,CLM-51122,Reserve Increase,5553.49,2025-09-26
TX-102229,CLM-51122,Expense Payment,354.79,2025-10-02
TX-102230,CLM-51123,Expense Payment,635.47,2024-10-13
TX-102231,CLM-51124,Reserve Increase,10952.13,2025-12-09
TX-102232,CLM-51125,Expense Payment,504.83,2025-05-20
TX-102233,CLM-51125,Reserve Increase,13631.12,2025-05-28
TX-102234,CLM-51126,Reserve Increase,13353.41,2025-09-23
TX-102235,CLM-51126,Loss Payment,9064.89,2025-09-27
TX-102236,CLM-51126,Expense Payment,629.82,2025-10-01
TX-102237,CLM-51127,Loss Payment,6376.28,2025-06-12
TX-102238,CLM-51127,Loss Payment,10626.22,2025-05-30
TX-102239,CLM-51127,Reserve Increase,791.24,2025-06-03
TX-102240,CLM-51128,Expense Payment,398.38,2026-03-22
TX-102241,CLM-51128,Expense Payment,677.24,2026-03-31
TX-102242,CLM-51129,Expense Payment,691.53,2026-05-03
TX-102243,CLM-51129,Reserve Increase,7419.26,2026-05-06
TX-102244,CLM-51130,Reserve Increase,13867.12,2026-03-31
TX-102245,CLM-51130,Reserve Increase,9982.93,2026-03-30
TX-102246,CLM-51130,Loss Payment,7146.06,2026-03-14
TX-102247,CLM-51131,Expense Payment,781.42,2026-05-09
TX-102248,CLM-51131,Reserve Increase,9322.23,2026-04-24
TX-102249,CLM-51131,Expense Payment,521.84,2026-04-30
TX-102250,CLM-51132,Reserve Increase,7800.07,2025-02-17
TX-102251,CLM-51132,Expense Payment,730.41,2025-02-25
TX-102252,CLM-51133,Expense Payment,779.26,2024-10-22
TX-102253,CLM-51134,Reserve Increase,10206.28,2025-06-06
TX-102254,CLM-51134,Expense Payment,498.32,2025-06-04
TX-102255,CLM-51135,Loss Payment,12073.22,2025-05-02
TX-102256,CLM-51135,Loss Payment,10369.13,2025-05-04
TX-102257,CLM-51135,Reserve Increase,8233.08,2025-05-03
TX-102258,CLM-51136,Expense Payment,486.31,2025-03-05
TX-102259,CLM-51137,Reserve Increase,10896.59,2026-05-30
TX-102260,CLM-51138,Loss Payment,3244.86,2025-01-23
TX-102261,CLM-51138,Loss Payment,13331.64,2025-01-28
TX-102262,CLM-51138,Expense Payment,234.23,2025-01-28
TX-102263,CLM-51139,Expense Payment,749.36,2025-11-25
TX-102264,CLM-51139,Reserve Increase,5252.71,2025-11-19
TX-102265,CLM-51139,Reserve Increase,1266.34,2025-11-14
TX-102266,CLM-51140,Reserve Increase,14761.24,2025-03-04
TX-102267,CLM-51140,Loss Payment,2996.14,2025-03-12
TX-102268,CLM-51141,Expense Payment,751.06,2025-07-16
TX-102269,CLM-51141,Reserve Increase,12353.14,2025-07-15
TX-102270,CLM-51142,Expense Payment,199.39,2025-10-01
TX-102271,CLM-51142,Expense Payment,521.08,2025-10-15
TX-102272,CLM-51142,Reserve Increase,1799.57,2025-10-13
TX-102273,CLM-51143,Expense Payment,139.58,2026-06-01
TX-102274,CLM-51143,Loss Payment,5547.76,2026-05-28
TX-102275,CLM-51144,Loss Payment,4304.87,2025-05-08
TX-102276,CLM-51145,Expense Payment,145.57,2025-11-28
TX-102277,CLM-51145,Reserve Increase,10363.52,2025-12-01
TX-102278,CLM-51145,Loss Payment,13391.41,2025-12-13
TX-102279,CLM-51146,Loss Payment,1849.19,2026-04-18
TX-102280,CLM-51147,Expense Payment,263.14,2025-11-13
TX-102281,CLM-51147,Loss Payment,3462.48,2025-11-25
TX-102282,CLM-51147,Reserve Increase,11325.55,2025-11-23
TX-102283,CLM-51148,Loss Payment,2445.2,2026-03-27
TX-102284,CLM-51148,Reserve Increase,4887.42,2026-03-17
TX-102285,CLM-51149,Expense Payment,202.36,2025-06-13
TX-102286,CLM-51150,Loss Payment,1549.43,2025-07-07
TX-102287,CLM-51151,Expense Payment,143.42,2025-01-27
TX-102288,CLM-51151,Expense Payment,215.73,2025-02-03
TX-102289,CLM-51152,Loss Payment,13399.9,2025-12-15
TX-102290,CLM-51152,Expense Payment,130.54,2025-12-15
TX-102291,CLM-51152,Reserve Increase,4765.71,2025-12-26
TX-102292,CLM-51153,Expense Payment,384.62,2025-06-20
TX-102293,CLM-51153,Loss Payment,12739.78,2025-06-26
TX-102294,CLM-51153,Reserve Increase,6773.17,2025-06-17
TX-102295,CLM-51154,Expense Payment,687.94,2025-05-11
TX-102296,CLM-51154,Loss Payment,8210.72,2025-05-07
TX-102297,CLM-51154,Loss Payment,13250.73,2025-05-14
TX-102298,CLM-51155,Reserve Increase,5265.87,2025-01-12
TX-102299,CLM-51155,Expense Payment,430.67,2025-01-24
TX-102300,CLM-51156,Reserve Increase,3240.95,2025-12-20
TX-102301,CLM-51156,Reserve Increase,1344.88,2025-12-28
TX-102302,CLM-51157,Expense Payment,205.35,2025-12-09
TX-102303,CLM-51158,Expense Payment,255.61,2025-11-12
TX-102304,CLM-51158,Loss Payment,5815.77,2025-11-18
TX-102305,CLM-51159,Reserve Increase,14041.93,2025-12-23
TX-102306,CLM-51160,Reserve Increase,1157.49,2026-06-17
TX-102307,CLM-51160,Expense Payment,478.74,2026-06-28
TX-102308,CLM-51160,Expense Payment,65.37,2026-06-30
TX-102309,CLM-51161,Expense Payment,731.89,2025-06-20
TX-102310,CLM-51161,Expense Payment,241.19,2025-06-25
TX-102311,CLM-51161,Expense Payment,324.95,2025-06-26
TX-102312,CLM-51162,Loss Payment,2694.42,2026-01-18
TX-102313,CLM-51162,Reserve Increase,7854.11,2026-01-16
TX-102314,CLM-51163,Loss Payment,14691.59,2025-02-12
TX-102315,CLM-51164,Loss Payment,1531.59,2025-08-19
TX-102316,CLM-51165,Reserve Increase,10490.63,2026-05-29
TX-102317,CLM-51166,Loss Payment,7973.76,2025-12-27
TX-102318,CLM-51166,Expense Payment,161.77,2025-12-23
TX-102319,CLM-51167,Expense Payment,703.26,2025-06-29
TX-102320,CLM-51167,Loss Payment,6260.07,2025-06-29
TX-102321,CLM-51168,Loss Payment,3630.87,2024-12-14
TX-102322,CLM-51168,Reserve Increase,971.77,2024-12-17
TX-102323,CLM-51168,Expense Payment,460.95,2024-12-25
TX-102324,CLM-51169,Loss Payment,454.29,2024-12-22
TX-102325,CLM-51170,Reserve Increase,1340.3,2026-01-13
TX-102326,CLM-51170,Expense Payment,662.97,2026-01-15
TX-102327,CLM-51170,Reserve Increase,2037.23,2026-01-24
TX-102328,CLM-51171,Expense Payment,592.41,2026-05-22
TX-102329,CLM-51171,Reserve Increase,13995.82,2026-05-25
TX-102330,CLM-51171,Loss Payment,5017.07,2026-05-23
TX-102331,CLM-51172,Reserve Increase,12236.93,2026-02-25
TX-102332,CLM-51172,Reserve Increase,13443.61,2026-02-21
TX-102333,CLM-51173,Loss Payment,915.5,2025-03-29
TX-102334,CLM-51174,Loss Payment,12952.99,2026-01-13
TX-102335,CLM-51175,Expense Payment,396.8,2025-07-14
TX-102336,CLM-51175,Loss Payment,10711.1,2025-07-07
TX-102337,CLM-51175,Loss Payment,9674.01,2025-07-01
TX-102338,CLM-51176,Expense Payment,151.93,2026-06-20
TX-102339,CLM-51177,Reserve Increase,12022.8,2025-05-16
TX-102340,CLM-51177,Reserve Increase,8213.74,2025-05-16
TX-102341,CLM-51178,Expense Payment,771.58,2025-09-19
TX-102342,CLM-51178,Expense Payment,639.79,2025-09-21
TX-102343,CLM-51178,Reserve Increase,12596.89,2025-09-15
TX-102344,CLM-51179,Reserve Increase,14065.68,2025-11-09
TX-102345,CLM-51179,Reserve Increase,12897.32,2025-11-08
TX-102346,CLM-51180,Loss Payment,1286.57,2025-01-25
TX-102347,CLM-51181,Loss Payment,9145.06,2025-07-31
TX-102348,CLM-51181,Expense Payment,331.96,2025-07-29
TX-102349,CLM-51182,Expense Payment,415.42,2025-09-27
TX-102350,CLM-51183,Expense Payment,631.3,2025-05-29
TX-102351,CLM-51184,Reserve Increase,11899.76,2025-09-28
TX-102352,CLM-51184,Reserve Increase,11947.66,2025-10-06
TX-102353,CLM-51185,Loss Payment,442.4,2025-02-09
TX-102354,CLM-51186,Expense Payment,415.08,2026-05-20
TX-102355,CLM-51186,Reserve Increase,7085.03,2026-05-12
TX-102356,CLM-51187,Loss Payment,6353.84,2025-07-07
TX-102357,CLM-51187,Loss Payment,14226.34,2025-07-09
TX-102358,CLM-51188,Expense Payment,89.84,2025-11-04
TX-102359,CLM-51188,Expense Payment,715.28,2025-11-03
TX-102360,CLM-51189,Reserve Increase,4550.48,2025-06-08
TX-102361,CLM-51190,Expense Payment,80.39,2026-07-04
TX-102362,CLM-51190,Loss Payment,5416.74,2026-06-25
TX-102363,CLM-51190,Expense Payment,741.49,2026-06-24
TX-102364,CLM-51191,Loss Payment,2359.9,2025-08-27
TX-102365,CLM-51192,Loss Payment,565.32,2025-07-29
TX-102366,CLM-51192,Reserve Increase,7912.15,2025-07-23
TX-102367,CLM-51193,Expense Payment,300.53,2026-08-28
TX-102368,CLM-51193,Expense Payment,310.19,2026-08-19
TX-102369,CLM-51194,Expense Payment,88.19,2025-02-11
TX-102370,CLM-51194,Reserve Increase,2024.81,2025-02-09
TX-102371,CLM-51195,Expense Payment,622.73,2025-12-29
TX-102372,CLM-51195,Reserve Increase,11733.76,2026-01-15
TX-102373,CLM-51196,Loss Payment,14979.94,2026-05-01
TX-102374,CLM-51196,Expense Payment,297.61,2026-05-11
TX-102375,CLM-51196,Reserve Increase,10893.64,2026-05-05
TX-102376,CLM-51197,Loss Payment,11479.21,2025-09-15
TX-102377,CLM-51198,Reserve Increase,5881.57,2026-01-21
TX-102378,CLM-51199,Loss Payment,851.4,2026-05-05
TX-102379,CLM-51200,Loss Payment,6391.96,2025-02-05
